#{"t_start": 1673868394.7800796, "env_id": "gripper-env-v0"}
r,l,t
-39499.036356,200,12.757838
6900.065492,17,14.440151
-40000.0,200,22.62393
5899.846584,22,24.674734
10000.0,1,25.891772
-26295.928618,189,37.642695
10000.0,1,38.791692
-40000.0,200,51.475186
-40000.0,200,69.226868
-23897.215045,173,79.94173
-39701.724332,200,92.641846
-40000.0,200,105.525146
-39898.594852,200,118.341532
9900.000284,2,119.574253
-2695.009721,66,124.841671
-40000.0,200,137.908334
-39700.342112,200,150.441463
-39297.786151,200,163.341467
-40000.0,200,175.341374
-2890.160472,68,180.408195
-40000.0,200,192.59147
4799.408573,33,195.82522
-40000.0,200,208.024852
-40000.0,200,221.3585
-40000.0,200,233.808209
-19612.028666,158,243.207846
-39711.807216,200,255.224591
-40000.0,200,268.558129
8199.153465,13,270.558805
-39800.05046,200,282.62473
-39900.592854,200,295.224694
-39901.522467,200,306.45787
-39900.601708,200,319.208266
-40000.0,200,332.108131
-39288.804272,200,344.957936
-40000.0,200,357.15774
-40000.0,200,369.157919
-40000.0,200,380.974258
-39901.057631,200,393.857786
-3201.448884,69,398.908047
-40000.0,200,410.92387
-39901.771967,200,423.440531
-40000.0,200,434.973429
-40000.0,200,449.273573
-39499.655377,200,463.256435
-39901.255418,200,476.255901
-39801.284992,200,489.005945
-40000.0,200,500.872198
-40000.0,200,513.088626
-25697.532197,181,529.656083
-40000.0,200,555.706037
-39800.138774,200,568.920863
-39900.89027,200,581.17071
-19406.03176,153,591.220598
-40000.0,200,603.853767
-39399.824433,200,616.670053
-39899.729578,200,628.802571
-40000.0,200,642.052794
6999.744642,17,643.986069
10000.0,1,645.102166
-10201.513774,104,652.636016
-36713.047595,200,666.635481
-40000.0,200,680.169091
-17395.738649,141,691.569656
-38590.424081,200,705.0517
-40000.0,200,720.185074
-39913.050356,200,735.117582
-39900.000007,200,748.300712
-39499.684163,200,759.900309
-38813.539302,200,771.699861
9800.511129,3,772.983132
-8299.235337,95,780.317159
-37711.68695,200,793.883095
-2216.304354,64,799.082913
-40000.0,200,812.582451
-39801.698171,200,827.515714
-39711.654176,200,840.015332
-2295.879485,76,845.998624
-39800.015446,200,858.181705
-37795.649838,200,873.415125
-38689.042157,200,887.897846
-39400.990136,200,902.197828
-39900.005487,200,914.731164
-10699.999981,105,921.447676
-40000.0,200,934.864551
-40000.0,200,947.548507
-40000.0,200,959.830963
-39503.784879,200,972.230766
-40000.0,200,985.497675
-39405.309863,200,999.131483
-40000.0,200,1010.847428
-40000.0,200,1021.947308
-40000.0,200,1033.34748
-40000.0,200,1046.614247
-40000.0,200,1059.5809
-40000.0,200,1070.697191
-40000.0,200,1082.230682
-40000.0,200,1093.497511
-40000.0,200,1105.130714
-40000.0,200,1116.430605
-40000.0,200,1127.530516
-40000.0,200,1139.63091
-40000.0,200,1154.347908
-40000.0,200,1165.497026
-40000.0,200,1182.014989
-40000.0,200,1193.130311
-40000.0,200,1204.180413
-40000.0,200,1215.530567
-40000.0,200,1226.647015
-40000.0,200,1237.746786
-40000.0,200,1248.897027
-40000.0,200,1260.096969
-40000.0,200,1271.330254
-40000.0,200,1283.030386
-40000.0,200,1294.280307
-40000.0,200,1305.430166
-40000.0,200,1316.46345
-40000.0,200,1328.196818
-39809.831282,200,1340.063796
-35700.142821,200,1355.564597
-40000.0,200,1366.880108
-40000.0,200,1377.979838
-39891.921636,200,1389.979826
-40000.0,200,1401.096441
-38618.499234,200,1412.79658
-40000.0,200,1424.796808
-39506.171656,200,1436.130031
-39611.986318,200,1447.830007
-40000.0,200,1459.529786
-40000.0,200,1473.013561
-12885.625716,129,1482.330416
-40000.0,200,1496.313493
-40000.0,200,1507.763289
-40000.0,200,1521.513623
-9384.54968,102,1529.096673
-39499.060165,200,1542.663393
-40000.0,200,1556.346676
-39899.883144,200,1572.714087
-39600.175307,200,1584.179487
-40000.0,200,1596.146251
-39799.872016,200,1607.396183
-39114.290644,200,1619.113225
-39802.276593,200,1630.696268
-40000.0,200,1642.42982
-39799.599532,200,1668.966349
-40000.0,200,1681.129481
-34206.774185,200,1693.962909
-39699.583871,200,1705.796556
-40000.0,200,1717.378973
-40000.0,200,1731.029684
-39626.426502,200,1744.713199
-40000.0,200,1756.813151
-35371.017966,200,1769.129108
-39462.832533,200,1783.046301
-40000.0,200,1797.229456
-40000.0,200,1810.513085
-40000.0,200,1822.579453
-40000.0,200,1834.762743
-33717.376674,200,1848.129181
-40000.0,200,1863.962986
-40000.0,200,1878.545958
-40000.0,200,1892.379138
-40000.0,200,1904.31201
-40000.0,200,1916.862154
-40000.0,200,1929.245343
-40000.0,200,1941.162341
-40000.0,200,1953.528869
-40000.0,200,1965.14567
-40000.0,200,1976.796034
-39301.11895,200,1989.812223
-40000.0,200,2003.745559
-40000.0,200,2017.228667
-40000.0,200,2031.928685
-40000.0,200,2045.946125
-40000.0,200,2060.461983
-39697.870831,200,2072.478563
-40000.0,200,2086.978681
-40000.0,200,2101.061818
-40000.0,200,2113.37826
-40000.0,200,2126.96168
-40000.0,200,2139.611594
-40000.0,200,2154.445165
-40000.0,200,2165.961272
-40000.0,200,2178.078371
-39815.489744,200,2191.061124
-40000.0,200,2203.395089
-39117.103002,200,2216.9617
-40000.0,200,2231.695106
-40000.0,200,2243.91124
-39799.217224,200,2256.511402
-40000.0,200,2269.095037
-40000.0,200,2281.695025
-40000.0,200,2294.494998
-39902.783882,200,2308.028263
-40000.0,200,2320.928041
-40000.0,200,2332.711235
-40000.0,200,2344.91188
-40000.0,200,2358.279815
-40000.0,200,2378.54653
-40000.0,200,2391.361058
-40000.0,200,2409.878739
-40000.0,200,2423.527659
-40000.0,200,2437.145932
-39900.002999,200,2450.894718
-40000.0,200,2464.644316
-40000.0,200,2478.260968
-40000.0,200,2492.444837
-39300.846108,200,2507.414737
-40000.0,200,2521.460715
-40000.0,200,2533.194147
-40000.0,200,2545.96084
-40000.0,200,2557.527251
-38550.193526,200,2571.377902
-40000.0,200,2588.594303
-40000.0,200,2601.028336
-38412.813845,200,2617.110646
-40000.0,200,2628.943936
-40000.0,200,2641.360422
-40000.0,200,2654.260574
-40000.0,200,2667.060696
-40000.0,200,2680.86075
-37618.117556,200,2693.877211
-40000.0,200,2707.327471
-1404.922801,74,2713.777995
-30037.062757,200,2728.693938
-40000.0,200,2745.410605
-39635.19731,200,2757.627644
-35951.384383,200,2773.026892
-39819.038654,200,2786.17688
-40000.0,200,2797.643576
-40000.0,200,2809.110163
-36626.785831,200,2824.377092
-6091.128409,86,2834.261493
-40000.0,200,2846.831347
-40000.0,200,2861.176928
-38690.984411,200,2875.160115
5509.864663,30,2877.910829
-40000.0,200,2891.32702
5710.801621,24,2893.92717
5312.665919,26,2896.577032
-40000.0,200,2907.593046
-40000.0,200,2918.826425
-40000.0,200,2930.043095
-8286.966395,96,2937.127018
-40000.0,200,2949.076577
-40000.0,200,2972.577693
-40000.0,200,2985.059791
-40000.0,200,2996.24318
-40000.0,200,3008.092822
-12899.437405,118,3016.426802
-40000.0,200,3028.810067
-39900.004013,200,3044.777233
-40000.0,200,3057.293207
-40000.0,200,3070.043001
-40000.0,200,3083.726782
-40000.0,200,3095.659447
-40000.0,200,3107.176047
-40000.0,200,3120.642948
9498.399617,4,3122.109578
9699.075322,3,3123.392687
9298.713157,5,3124.792352
-40000.0,200,3137.559732
-39800.96839,200,3154.310164
7099.62509,16,3157.309648
9097.758261,6,3158.792943
-40000.0,200,3175.377794
-40000.0,200,3190.409648
-34987.945115,200,3203.1931
-16792.542274,141,3212.909745
9699.013985,3,3214.191982
1612.757681,47,3218.710214
-39799.05241,200,3232.175854
-38799.527906,200,3251.09376
-40000.0,200,3262.275992
-39800.637319,200,3274.910443
7814.641798,13,3276.909928
-299.999975,53,3281.192512
8214.911344,15,3283.22665
-39901.07905,200,3295.942914
8300.000047,10,3297.542391
8897.800411,7,3298.942305
9613.896086,4,3300.476884
2811.609447,42,3303.958867
-39793.29341,200,3426.592661
-38899.993898,200,3439.275606
9698.449609,3,3440.558897
-21309.668867,167,3452.692437
8795.683583,8,3454.175424
9098.265322,6,3455.575531
-1792.582082,98,3462.77556
-40000.0,200,3480.492573
9298.791267,5,3481.976042
7809.269008,13,3483.725641
-36004.070379,200,3496.858558
9812.733026,3,3498.124646
-39803.122864,200,3514.492124
7998.784919,12,3516.392811
5698.177499,23,3518.675376
5953.959082,27,3521.12532
9699.30839,3,3522.324704
3414.287297,41,3526.042434
9098.311592,7,3527.609427
5305.249025,26,3531.16048
-25601.435248,200,3544.458745
4610.098037,39,3547.875404
6403.640855,20,3550.24255
8099.077432,11,3551.875554
6223.773128,23,3554.242169
6612.921806,20,3556.425467
9900.012348,2,3557.79304
9610.064216,4,3559.225488
8597.263888,9,3560.842401
9213.715594,7,3562.408822
5620.709511,28,3565.042085
9298.280963,5,3566.375312
9900.017435,2,3567.675515
4241.794473,36,3570.875527
10000.0,1,3572.041432
710.667395,79,3578.708916
7097.949265,16,3580.608223
1525.547995,54,3587.126554
5822.660593,27,3589.758713
7497.560245,14,3592.426206
6700.458227,25,3595.275565
1965.491745,49,3599.425447
1471.161966,53,3603.675247
4834.357987,33,3606.609478
6522.362938,21,3608.892163
9297.638159,5,3610.224843
6898.173021,17,3612.158833
9501.202665,4,3613.608726
6220.641369,23,3616.359518
3912.086338,35,3619.35855
9098.317168,6,3620.857982
9698.184561,3,3622.242492
6898.873836,17,3624.191781
6033.062081,24,3626.675889
7211.702701,23,3629.292606
7213.746645,16,3631.242094
8102.369538,11,3633.258893
5904.866325,23,3635.458302
6813.403644,18,3637.425394
5697.716794,23,3639.675034
6897.002595,18,3641.708935
9211.642845,6,3643.158189
6713.789252,19,3645.242003
7298.024736,15,3647.075243
6286.769304,22,3649.508868
8813.698857,8,3651.108886
-40000.0,200,3670.942047
9297.205823,5,3672.207822
6411.457865,23,3674.609502
4609.152649,32,3677.475188
6698.939456,18,3679.542498
7108.710855,17,3681.641715
6211.332297,24,3684.108894
7395.618441,15,3686.359272
6097.998993,21,3688.625322
4510.170683,30,3691.642049
6014.219337,28,3694.425221
7605.551625,14,3696.25875
7498.078932,14,3698.091808
7311.540413,17,3700.325303
4298.066938,30,3704.126518
6213.389058,22,3706.424674
7298.952068,15,3708.508294
9698.391248,3,3709.807574
7698.249796,13,3711.62477
7298.558701,15,3713.759223
7296.804893,15,3715.708457
9900.000178,2,3716.957579
7413.217607,15,3718.825406
9697.835832,3,3720.024811
6097.95793,21,3722.174946
9311.924875,8,3723.842183
9900.08781,2,3725.024515
8900.007115,7,3726.524497
9297.634047,5,3727.925142
-28491.589734,196,3741.591961
6899.190456,17,3743.491288
9098.920897,6,3744.89174
6808.744551,18,3747.225022
6604.609906,20,3749.391902
8900.943843,7,3750.924773
7098.823861,16,3752.791183
9503.12738,4,3754.142116
9497.892508,4,3755.6102
7097.586074,16,3757.474851
9198.140891,6,3758.908252
6412.326766,23,3761.258924
6811.246186,19,3763.291618
6196.412789,21,3765.375516
8814.244617,10,3768.044561
6511.444643,20,3770.058454
7012.368572,17,3771.942152
5298.17522,25,3774.630246
5400.208367,25,3777.241873
9099.994973,6,3779.126076
8696.44733,8,3780.927036
6103.366452,23,3783.560198
9299.398715,5,3784.858672
9700.076631,3,3786.058408
9299.042092,5,3787.341336
6109.522193,22,3789.658326
9698.727158,3,3790.874858
6503.265555,20,3793.091568
2196.777603,42,3797.710018
6895.163256,17,3799.828151
6402.227356,20,3801.991664
7298.367367,15,3803.775041
6896.754873,17,3805.892027
9098.35763,6,3807.441476
9497.342549,4,3808.807591
9101.405346,6,3810.208655
9097.392809,6,3811.642028
9698.364327,3,3812.724955
8608.732231,9,3814.526152
5503.868829,24,3817.525635
8291.973975,10,3819.243076
9499.860377,4,3820.54232
9498.129218,4,3821.824952
4497.741512,33,3824.858006
7098.417942,16,3826.774904
5602.623736,24,3829.542009
8698.963086,8,3831.125328
9101.086628,6,3832.574364
9400.119091,5,3834.20894
5001.882229,29,3837.0086
6198.922713,21,3839.775614
10000.0,1,3840.974302
6697.428404,18,3842.992216
6303.15052,23,3845.341768
9697.101905,3,3846.541184
6415.46677,21,3848.875271
8281.506328,10,3850.592478
6799.169241,18,3852.658303
7099.364576,16,3854.875197
9498.33807,4,3856.174632
7099.293194,16,3858.141321
9299.643756,5,3859.491245
9297.786275,5,3860.807792
9498.90649,4,3862.190703
8696.685797,8,3863.775195
6700.4645,19,3866.759617
7501.102799,14,3868.89125
9299.391429,5,3870.308604
6098.28372,21,3872.79123
8592.462284,9,3874.558613
9698.926072,3,3875.858167
9212.090152,6,3877.324122
8898.204785,7,3878.724896
7996.947642,12,3880.575097
-14902.104751,126,3890.959007
9497.006373,4,3892.357456
7491.078608,14,3894.575799
9699.44426,3,3895.708221
7710.276769,14,3897.659283
8898.371134,7,3899.041682
6698.510073,18,3901.024743
6024.920745,23,3903.25774
9011.941196,7,3904.557446
6224.858945,22,3906.792061
5599.328767,24,3909.175452
8896.909644,7,3910.441455
9699.058828,3,3911.657235
8899.999705,7,3912.924273
8500.000135,9,3914.508257
9300.239992,5,3915.941365
4912.933684,28,3918.490972
9498.415686,4,3919.807943
3898.739287,32,3923.207309
9498.48541,4,3924.590928
8600.683773,9,3926.208799
9209.002831,6,3927.825697
9298.226208,5,3929.140704
7098.114574,16,3931.308158
7299.454619,15,3933.37452
9298.159093,5,3934.741279
5014.410864,28,3937.490966
8897.454416,8,3939.342443
8897.743932,7,3940.757457
7099.783188,16,3942.707716
9297.969707,5,3944.090696
8704.007904,11,3946.158416
9498.142779,4,3947.457475
8197.467889,11,3949.259079
-8303.864041,93,3957.575385
7298.806688,15,3959.407819
9098.858496,6,3961.041991
9698.341635,3,3962.307846
7206.442665,16,3964.324606
9293.253518,5,3965.741065
2613.243827,39,3969.658136
8797.367446,8,3971.225419
-30199.950466,200,3990.775411
9698.043998,3,3991.940936
9608.305142,4,3993.24028
7198.761737,16,3995.324759
6411.732014,20,3997.691848
9298.332177,5,3999.057537
8689.376131,8,4000.5906
9298.496814,5,4002.007722
7098.553018,16,4003.890975
9100.000246,6,4005.30807
6998.44182,17,4007.290924
7097.769206,16,4009.157898
8697.145806,8,4010.858775
6898.481469,17,4012.824452
5704.450552,25,4015.49189
8196.273269,11,4017.291931
10000.0,1,4018.524056
4491.381369,29,4022.575011
9498.107751,4,4023.874171
10000.0,1,4025.141287
9298.289699,5,4026.490798
9099.873011,6,4027.908302
9099.99994,6,4029.290908
9102.916639,7,4030.790516
6204.431642,24,4033.724771
6698.021829,18,4035.741045
7308.110039,19,4038.224084
6609.962193,19,4040.357475
8100.703029,19,4042.691048
9498.450021,4,4043.974071
8897.292375,7,4045.641377
7102.98705,18,4048.241394
7908.620289,13,4050.07402
9000.458311,7,4051.607624
10000.0,1,4052.974317
8910.84543,9,4054.907505
6899.541779,17,4057.191947
6299.997184,20,4060.225333
7997.867497,12,4062.040729
7012.625404,17,4064.057354
5914.848649,23,4066.424274
9698.32477,3,4067.723892
9701.081622,3,4068.974249
6998.253729,17,4070.990883
8600.001008,10,4072.64132
10000.0,1,4073.873438
9078.904691,6,4075.40716
8908.264184,9,4077.05765
7597.005198,14,4079.37426
6114.21411,22,4082.041581
9100.000293,6,4083.490518
7614.339148,15,4085.708169
8898.146668,7,4087.241387
9097.918293,6,4088.723668
9698.7636,3,4089.95718
6098.208946,21,4092.140899
8880.926726,8,4093.84156
5014.506976,35,4097.124595
8900.391474,7,4098.607365
7106.904112,20,4101.041756
8100.001072,11,4102.807976
8700.00096,9,4104.54138
-22981.149211,200,4119.09129
4600.486555,30,4122.008108
4501.460143,33,4125.141883
9297.501374,5,4126.575171
8897.815104,7,4127.991428
8699.999917,8,4129.52431
4900.098969,28,4132.241651
9497.60664,4,4133.62408
6912.327877,18,4135.657425
4392.05306,33,4139.391486
9700.27638,3,4140.557659
7808.992503,13,4142.775795
6013.679515,24,4145.440946
7298.95736,15,4147.274425
7213.899007,16,4149.140536
8801.093597,8,4150.641102
7298.511021,15,4152.49139
7100.0001,16,4154.624751
6699.701381,19,4156.657077
5300.80513,25,4158.990511
9699.298712,3,4160.190073
7498.337176,14,4162.04243
9698.179817,3,4163.423764
9408.388362,5,4164.907989
7191.578387,16,4166.874179
9698.379745,3,4168.173915
8015.518554,17,4170.39145
4797.892902,50,4174.757539
7786.427337,13,4176.624431
9698.305955,3,4177.806792
4295.147782,30,4181.958723
9111.100046,7,4183.541534
6098.187377,21,4185.825209
6302.139191,20,4187.991043
9097.504003,7,4189.423766
5609.168785,34,4193.30826
7207.783398,16,4195.123986
9099.779835,6,4196.624564
7098.145391,16,4198.490513
7297.454015,15,4200.440917
9653.927261,5,4201.773505
6897.772449,17,4203.723671
7896.818363,12,4205.475176
-40000.0,200,4219.640628
4907.664832,31,4222.540656
2017.191123,44,4226.20733
9298.268955,5,4227.523364
6396.975113,20,4229.540259
7098.424788,16,4231.640753
8499.378932,9,4233.374266
6898.179359,17,4235.457983
7297.992976,15,4237.27413
9499.717937,4,4238.540589
9298.200238,5,4240.126243
9399.468556,5,4241.540829
-20103.381297,153,4253.441857
-39498.984832,200,4267.557385
8398.293571,10,4269.17487
9298.20795,5,4270.473017
10000.0,1,4271.556811
6103.039937,23,4273.973941
-40000.0,200,4288.173787
-39803.25291,200,4307.774607
9697.920376,3,4309.074629
9500.167261,4,4310.37366
7297.053099,15,4312.24031
9198.279416,6,4314.462546
8098.464585,11,4316.072921
-40000.0,200,4329.640616
2499.999829,39,4333.124188
10000.0,1,4334.323361
9698.521351,3,4335.573543
9298.360785,5,4336.957663
10000.0,1,4338.123681
-18501.457138,144,4348.023874
9701.115239,3,4349.256387
-28301.612071,194,4362.87356
9477.281767,7,4364.339816
3511.383558,37,4367.373999
-17001.949709,138,4376.973932
9500.034337,4,4378.206222
8887.039557,7,4379.790693
7698.087108,13,4381.523773
9497.874709,4,4382.806726
6102.246629,22,4385.00843
9301.090407,5,4386.289869
8103.799068,13,4388.073831
9298.396055,5,4389.389606
10000.0,1,4390.455821
6997.071819,17,4392.35685
9699.469564,3,4393.50651
8999.766475,7,4395.023067
7600.000337,14,4396.924127
8196.799707,11,4398.64067
3392.120041,38,4402.607111
9413.203229,5,4404.007659
7398.269201,15,4406.190445
7015.354723,17,4408.374197
9097.50578,6,4409.924985
9497.844378,4,4411.206666
-2201.255877,64,4415.55679
9697.67736,3,4416.974095
7599.591288,14,4418.890823
9697.57538,3,4420.173401
6107.735628,23,4422.94128
9459.795696,7,4425.009212
9297.840625,5,4427.19063
3595.403661,34,4430.440915
9697.512132,3,4431.723265
3607.741688,35,4434.973305
9698.11463,3,4436.339282
7500.000523,14,4438.390875
9297.717676,5,4439.672523
3898.556449,32,4442.557181
9498.000931,4,4443.873096
-11200.000189,108,4452.958247
9699.317508,3,4454.407398
9499.391458,4,4455.706833
8412.106833,10,4457.323452
9411.290698,5,4458.840275
4193.568232,31,4461.556883
6496.126663,19,4464.007587
10000.0,1,4465.155842
9297.430657,5,4466.523556
9097.388032,6,4468.057353
9698.970528,3,4469.322999
7902.201978,12,4471.057027
-1808.218923,63,4475.723341
7799.999133,14,4478.008513
6700.000053,18,4480.041013
9700.319856,3,4481.356531
9610.907094,4,4482.67344
9612.694004,4,4484.291383
8014.054994,12,4486.107255
8501.3176,11,4487.874106
8481.817702,9,4489.44008
7699.999971,13,4491.390016
9500.729338,4,4492.723611
-38995.184052,200,4505.522807
5698.841208,23,4507.756848
9298.617122,5,4509.140113
9099.658305,6,4510.606878
-2301.636618,63,4515.156789
2917.19434,52,4519.223398
9498.143496,4,4520.641594
4566.586766,36,4523.806963
9697.920246,3,4525.055734
9309.092808,7,4526.590269
10000.0,1,4527.773131
9700.309536,3,4529.056557
399.381785,50,4533.3063
4400.592683,31,4536.440372
7811.66793,13,4538.256317
5799.671195,23,4540.639982
9101.845807,6,4542.140288
2399.440005,41,4546.323419
7683.982787,13,4548.224051
9699.406825,3,4549.540233
9300.782925,5,4550.957005
8498.216201,9,4552.623646
9497.621799,4,4553.906357
9299.431453,5,4555.172532
10000.0,1,4556.389708
9298.007687,5,4557.808109
9101.623454,6,4559.273618
9298.843226,5,4560.656678
9500.842704,4,4561.938792
10000.0,1,4563.291622
10000.0,1,4564.439401
9295.855537,5,4565.806497
9498.04368,4,4567.106663
9098.316122,6,4568.540038
9296.155929,5,4569.939237
6195.483707,21,4572.706388
9098.743077,6,4574.156097
9298.115076,5,4575.539473
9697.649117,3,4576.856431
8403.504333,12,4578.656413
9297.561769,5,4580.192483
9697.881289,3,4581.522836
8900.005309,7,4582.989654
9297.79223,5,4584.389935
9298.09829,5,4585.739695
9497.779541,4,4587.039047
9099.997804,6,4588.59002
5698.503135,23,4591.139723
7496.009299,15,4593.206618
9497.857945,4,4594.623536
9698.206803,3,4595.889495
7199.356964,16,4597.789968
7299.15278,15,4599.656302
-502.262627,54,4604.073365
9498.56428,4,4605.408275
3898.25467,32,4608.558167
9094.736879,6,4609.993304
9297.744311,5,4611.323154
9100.000002,6,4612.807363
10000.0,1,4613.955553
6298.003202,20,4616.322921
9089.318696,6,4617.739306
9699.221444,3,4619.039763
9097.731476,6,4620.439314
9697.880166,3,4621.673177
9298.864808,5,4623.106451
9499.556318,4,4624.406011
9498.142811,4,4625.705718
9403.295244,5,4627.055871
9497.721829,4,4628.390013
9497.687379,4,4629.739743
9197.999895,6,4631.12345
6298.022491,20,4633.373112
-899.966561,56,4639.206996
8098.220604,11,4641.006251
9314.19178,6,4642.439359
9498.120792,4,4643.924291
9498.38141,4,4645.391153
9297.523605,5,4646.856697
7198.118178,16,4648.772774
9498.079988,4,4650.223747
9412.139767,5,4651.607057
9700.400337,3,4652.888904
9399.065925,5,4654.273071
9298.989428,5,4655.639373
9094.910766,6,4657.374673
9277.824618,5,4658.755926
9497.131778,4,4660.122946
9498.664913,4,4661.439335
9100.515714,6,4662.889011
9298.21493,5,4664.372895
8909.398484,8,4666.072872
9697.057515,3,4667.406286
9698.384552,3,4668.706158
8898.016856,7,4670.206976
9213.922099,6,4671.756848
9098.142163,6,4673.155894
9496.773095,4,4674.489454
1499.535229,44,4678.723629
9099.999611,6,4680.106085
9298.027529,5,4681.489434
9698.113198,3,4682.873611
9298.08285,5,4684.273801
10000.0,1,4685.623651
6097.925221,21,4687.789493
9500.757032,4,4689.140231
9698.042085,3,4690.405881
10000.0,1,4691.639641
6828.752207,21,4693.956608
9207.663052,6,4695.405979
8898.899696,7,4696.890109
-40000.0,200,4712.589323
8498.152251,9,4714.189782
7902.026436,12,4715.905864
9099.535787,6,4717.340228
9500.785381,4,4718.65539
4999.54507,27,4721.823673
9408.703123,5,4723.206073
9294.569434,5,4724.624735
9098.20588,6,4726.190562
9299.781766,5,4727.522718
9297.963861,5,4728.991189
9297.984405,5,4730.372925
8899.887187,7,4731.856833
8896.696384,7,4733.356408
9497.978189,4,4734.673489
9297.61892,5,4736.089206
8297.543885,10,4737.705909
6298.207091,20,4739.873765
3297.70439,35,4742.855953
8400.005215,10,4744.539222
9697.983734,3,4745.839481
6800.736561,18,4747.972963
9497.771983,4,4749.24047
9297.971157,5,4750.591131
9699.91746,3,4751.891587
9497.86915,4,4753.458687
9298.033869,5,4754.940618
9498.2366,4,4756.2725
9096.658042,6,4757.772491
8500.00038,9,4759.339958
9497.995491,4,4760.689507
9298.972515,5,4762.089314
7792.84536,13,4763.873663
8900.000018,7,4765.356523
8800.009366,8,4766.955981
9500.08014,4,4768.339842
8699.53321,8,4770.057132
6415.354174,22,4772.441469
8098.062715,11,4774.15807
7200.001222,16,4776.722809
9100.000261,6,4778.172877
9299.275067,5,4779.57534
8896.661795,7,4781.023525
7892.471551,12,4782.889924
8900.000305,7,4784.50706
9297.618408,5,4785.857361
7899.998952,12,4787.589563
7699.999351,13,4789.62387
8698.08411,8,4791.307084
5998.85156,22,4793.639653
8898.186686,7,4795.223691
9697.569336,3,4796.472331
9295.192742,5,4797.906666
8497.418336,9,4799.623438
7100.000037,16,4801.673317
8901.128686,7,4803.188763
9497.779273,4,4804.52294
9297.466082,5,4806.056846
8498.784807,9,4807.655878
4813.309296,28,4810.523758
9698.321872,3,4811.789788
9500.582618,4,4813.189718
6198.533207,21,4815.506371
9499.669865,4,4816.772424
9298.324964,5,4818.205695
5693.849261,24,4820.806498
9099.619098,6,4822.272271
9297.418814,5,4823.572577
9499.937104,4,4824.856129
8006.278504,12,4826.622434
9698.76082,3,4827.922549
7698.909837,13,4829.773294
9101.394785,6,4831.30846
6207.361571,21,4833.625391
9098.052193,6,4834.972454
7898.178912,12,4837.308468
-6300.000121,83,4844.140089
5912.281992,23,4846.756297
9099.125837,6,4848.255684
9298.05761,5,4849.623122
7498.718069,14,4851.422494
6499.901961,19,4854.357297
2098.653744,41,4857.855963
-2100.120986,62,4863.156668
7793.440599,13,4865.072822
9298.030462,5,4866.405998
9409.093556,5,4867.789192
8697.931328,8,4869.339985
8500.000035,9,4871.056382
6898.430837,17,4872.972662
9498.483887,4,4874.606277
7298.354856,15,4876.739967
9698.224262,3,4878.174462
8012.014116,12,4879.872459
9498.838324,4,4881.2227
9297.527139,5,4882.588825
-9401.145632,109,4891.539877
7298.35213,15,4893.355353
9407.965803,5,4894.805412
6114.357364,22,4897.372407
9698.341767,3,4898.623934
9299.799428,5,4899.988454
7698.200616,13,4901.691266
8495.979313,9,4903.356139
9297.89073,5,4904.688905
9498.064601,4,4906.006223
9697.970848,3,4907.271875
8698.750187,8,4908.873027
9297.487989,5,4910.222372
9296.884577,5,4911.673536
9297.830157,5,4913.122853
9099.103277,6,4914.55641
8900.00011,7,4916.155613
7799.005438,13,4918.474244
7713.871144,14,4920.423584
8394.165385,10,4922.105706
9093.353469,6,4923.589234
9297.864676,5,4924.972833
9297.665391,5,4926.390017
9497.493058,4,4927.705284
9498.191291,4,4929.02192
10000.0,1,4930.205065
9499.064484,4,4931.606074
8206.788824,12,4933.405878
9099.834684,6,4934.856359
6711.200754,20,4937.924405
9698.257175,3,4939.188457
8896.251931,7,4940.672878
8695.215954,8,4942.256195
9499.6031,4,4943.588795
9497.013536,4,4944.973217
9499.288425,4,4946.305701
8498.696816,9,4947.922582
9296.767285,5,4949.239448
9298.710416,5,4950.672208
7498.995433,14,4952.388854
8893.998045,7,4954.440622
8898.345471,7,4956.073705
9497.557702,4,4957.606704
9297.996104,5,4958.972454
9297.990448,5,4960.676004
9297.683846,5,4962.039072
9498.673998,4,4963.322853
9293.406772,5,4964.739279
8898.295536,7,4966.156311
9097.377182,6,4967.573532
7416.315439,15,4969.58958
8900.130015,7,4971.039238
7697.869399,13,4972.755627
6314.896469,21,4975.239127
9609.721429,4,4976.672997
9500.36273,4,4978.005783
7195.721872,16,4980.039986
5894.001513,22,4982.406188
9297.492407,5,4983.90689
9699.12874,3,4985.20534
8894.658509,7,4986.70598
9696.783274,3,4987.938932
7498.75686,14,4989.755448
9498.977259,4,4991.10514
8898.290035,7,4992.522121
9498.016007,4,4993.855964
9497.984391,4,4995.223361
9298.180239,5,4996.588853
1497.777679,44,5000.239258
7501.790922,14,5002.239334
8896.365539,7,5003.655476
9696.997638,3,5004.905935
9698.090667,3,5006.172624
9698.988165,3,5007.455508
7898.434779,12,5009.139006
7097.610193,17,5011.322805
9501.101318,4,5012.604936
8700.22909,8,5014.07183
9298.357798,5,5015.522971
7300.000004,15,5017.572555
9099.678146,6,5019.23983
9501.20588,4,5020.555537
9092.717221,6,5022.039472
8698.013546,8,5023.57204
7898.09652,12,5025.188758
8400.113082,10,5027.018577
9498.247118,4,5028.307633
8596.872669,9,5030.042977
-40000.0,200,5055.674722
7498.211769,14,5057.524522
9498.343158,4,5058.772382
9698.057023,3,5060.221772
8901.389698,7,5061.80662
-700.093056,55,5067.273197
10000.0,1,5068.47186
8600.497231,9,5070.105228
9301.103743,5,5071.505548
9413.211438,5,5072.905831
4298.739606,30,5075.875226
-39900.071389,200,5089.955453
7414.699373,15,5092.039199
9416.60357,5,5093.622434
9413.806736,5,5095.07307
9011.459828,7,5096.589216
9215.845873,6,5097.921803
9211.949113,6,5099.338337
9413.065403,5,5100.755934
9015.561703,7,5102.272471
9015.945892,7,5103.823769
9416.009584,5,5105.188251
9015.68152,7,5106.93918
6428.223762,22,5109.440039
7813.430034,13,5111.071908
6415.548179,20,5113.706677
9217.125041,6,5115.222972
9218.952006,6,5116.656052
9413.823124,5,5118.004677
9015.138757,7,5119.405226
7615.752012,14,5121.255352
9013.58238,7,5122.67171
7044.450658,19,5125.273048
-39564.536604,200,5141.322135
9216.697644,6,5142.722379
8710.681019,9,5144.43936
8827.803093,9,5146.155784
9411.391107,5,5147.57449
1970.629021,48,5151.772275
8713.198064,9,5153.405279
1747.801733,48,5157.889767
-4285.840576,74,5163.923631
9215.973426,6,5165.742885
8813.567278,8,5167.40677
9616.979869,4,5168.655926
7616.221424,14,5170.405664
6819.079546,22,5173.190029
6831.4346,19,5175.238442
9612.635301,4,5176.538794
8324.874996,11,5178.32272
-384.234258,54,5182.822173
3957.315433,36,5186.088793
9215.386052,6,5187.488931
9019.187912,7,5189.072628
8923.360774,9,5191.189881
9415.139351,5,5192.556197
8615.365072,9,5194.138984
9413.887254,5,5195.589462
6636.133794,20,5197.838346
9216.629847,6,5199.255666
8218.527371,11,5201.323767
8829.230883,9,5203.13982
9415.8626,5,5204.908195
9213.840507,6,5206.356233
9415.984133,5,5207.754602
9415.717891,5,5209.039154
8601.389174,9,5210.806942
9216.887307,6,5212.256946
9014.049418,7,5213.738347
7238.496714,17,5216.10524
3452.139617,37,5219.605366
9220.074447,6,5220.989052
9217.572668,6,5222.657393
8811.837269,8,5224.105388
8812.809301,8,5225.521676
5209.330663,26,5228.672315
9016.468634,7,5230.10496
7039.327935,18,5232.43913
9215.00539,6,5233.907887
9208.48523,6,5235.189878
9415.66514,5,5236.538834
9214.615758,6,5237.973205
9416.16619,5,5239.356365
8114.973982,12,5241.188702
7230.290549,17,5243.422785
7640.525736,15,5245.555937
9416.693031,5,5246.855586
8814.196328,8,5248.338996
5133.098708,28,5251.172568
9210.809628,6,5252.455587
9218.534674,6,5253.839945
5617.884016,24,5256.505814
7248.445019,18,5258.773163
8430.427171,11,5260.521815
9213.950389,6,5262.106547
7807.826429,13,5264.591074
8614.27225,9,5266.724025
7618.034151,14,5268.671716
5497.155924,30,5272.707262
9412.838511,5,5274.021568
9216.197071,6,5275.405757
9216.326542,6,5276.788475
8536.001592,11,5278.556019
3683.488012,38,5281.738313
8033.570417,13,5283.606272
9412.238872,5,5284.955955
-2583.638011,65,5289.971943
8820.327651,8,5291.472129
7814.211383,13,5293.522696
9416.551447,5,5294.771756
9020.105603,7,5296.221472
8817.997443,8,5297.822495
8210.89179,11,5299.655828
8419.909849,10,5301.305078
7108.453544,17,5303.455139
8429.979377,11,5305.47338
9616.411384,4,5306.821629
3836.366474,34,5310.373143
-40000.0,200,5335.223146
9415.919566,5,5336.487696
-8126.741245,107,5347.039018
9419.586709,5,5348.370944
8646.916211,10,5349.971577
9417.351528,5,5351.388949
9415.70826,5,5352.688446
9418.438071,5,5354.155459
8514.881421,10,5355.872504
9417.608931,5,5357.388451
9415.91633,5,5358.739168
9417.023322,5,5360.104486
9217.036972,6,5361.589339
9217.150411,6,5362.921345
9419.466206,5,5364.406293
6451.65864,22,5366.738276
-39899.925606,200,5385.688952
9014.023354,7,5387.00551
9414.14964,5,5388.321061
8514.462487,10,5389.871556
5172.096712,29,5392.839596
8640.449142,10,5394.572619
9014.495455,7,5396.022134
9615.689234,4,5397.355517
9022.164888,7,5398.871549
10000.0,1,5400.072226
9417.89566,5,5401.421826
6435.03446,21,5403.705073
5681.919483,28,5406.755777
9015.258037,7,5408.272333
9214.338309,6,5409.688535
9415.887702,5,5411.155875
8811.637923,8,5412.72137
9014.559273,7,5414.088675
9017.070235,7,5415.521471
4932.129908,29,5418.705709
9213.954773,6,5420.088016
9217.544276,6,5421.505835
9016.642408,7,5422.989109
9016.978127,7,5424.571601
5738.497787,25,5427.42163
8029.181326,13,5429.18827
7320.66342,16,5431.454771
9217.06464,6,5432.854867
8617.296923,9,5434.538602
9219.630002,6,5436.123545
9019.522808,7,5437.621775
9214.090099,6,5439.021165
9212.720465,6,5440.705856
9016.387643,7,5442.12157
3909.029686,33,5446.039777
9017.749501,7,5447.505124
8526.22374,11,5449.255384
9014.312352,7,5450.755625
9417.783708,5,5452.122458
8634.809385,10,5453.821884
9414.036328,5,5455.205665
9416.814915,5,5456.638216
-10320.784373,113,5465.888141
8815.13027,8,5467.338578
9013.353822,7,5468.805999
-2549.541447,67,5475.05499
9415.209367,5,5476.437513
8818.986564,8,5477.988333
9221.057861,6,5479.570904
8404.887098,10,5481.472755
9218.600434,6,5482.887568
9214.387869,6,5484.304392
9415.690801,5,5485.720804
9417.736264,5,5487.038877
3020.413202,38,5490.955928
8331.629759,12,5493.021635
9014.416834,7,5494.505489
9616.722632,4,5495.871538
7417.176521,15,5497.921678
8816.196904,8,5499.455173
9216.484787,6,5501.057528
9416.578116,5,5502.371736
9215.309894,6,5503.639446
2721.118149,40,5507.071124
9216.060481,6,5508.387662
9215.382484,6,5509.73839
9216.926287,6,5511.322604
8617.033213,9,5512.787876
9022.507931,7,5514.188194
6817.145064,18,5516.573451
9222.372346,6,5517.98842
8238.640752,12,5519.808897
8614.896714,9,5521.454808
7050.757164,19,5524.62315
9019.964496,7,5526.12118
7415.180705,15,5527.988258
8614.752651,9,5529.688051
8215.661921,11,5531.421907
9216.11444,6,5533.173737
-727.966296,62,5539.03882
9615.857847,4,5540.454413
7858.962782,15,5542.555665
9415.172138,5,5543.970912
9210.47748,6,5545.421525
8410.249352,10,5547.239369
7822.034081,15,5549.422366
9216.913456,6,5550.922385
8613.838828,9,5552.872274
9216.985786,6,5554.18781
8816.579821,8,5555.754814
9211.042952,6,5557.288883
9023.450811,8,5558.808646
8016.372503,12,5560.738152
9215.702196,6,5562.238795
8609.062451,9,5563.838299
9414.762415,5,5565.20785
9215.732077,6,5566.724798
9416.253246,5,5568.188153
9017.609366,7,5569.671242
-39345.977142,200,5592.023785
9417.08487,5,5593.408344
5162.012881,30,5596.304839
9312.934804,6,5597.855345
5944.122899,25,5600.755422
9014.420415,7,5602.209378
9416.684597,5,5603.538245
9015.974926,7,5605.008553
9110.387816,8,5606.639076
-24566.224099,176,5619.521542
8015.435165,12,5621.473941
9416.118377,5,5622.87203
7068.553808,20,5625.455202
8612.999587,9,5627.054736
9217.20721,6,5628.404645
9016.68252,7,5629.83852
9215.489108,6,5631.305167
9015.652896,7,5632.855286
8124.989646,12,5634.772001
8718.465075,9,5636.505383
7017.561955,17,5638.772418
9013.497954,7,5640.204684
8817.74001,8,5641.922156
9215.276384,6,5643.371532
8217.53237,11,5645.122476
9015.906819,7,5646.772629
8617.34774,9,5648.238712
9214.149164,6,5649.505801
8230.617521,12,5651.355019
9416.556183,5,5652.737584
9215.05486,6,5654.137896
9213.963691,6,5655.353884
8410.698718,10,5657.021375
8817.43425,8,5658.588533
9218.793851,6,5660.022202
8514.297646,10,5661.838654
-4973.692484,79,5668.554549
8813.003747,8,5670.12136
9416.601207,5,5671.437853
8034.763641,13,5673.254602
9219.886769,6,5674.57125
9017.173872,7,5675.888615
9614.973518,4,5677.272942
8634.68396,10,5678.888197
8815.357683,8,5680.303651
4835.047505,30,5684.523028
9014.65835,7,5686.121763
9416.353102,5,5687.555011
8011.136496,12,5689.790111
9217.217926,6,5691.204467
9214.452013,6,5692.55531
7508.434116,15,5694.904708
8815.61322,8,5696.438457
9218.176291,6,5697.820909
7630.581858,15,5700.038599
9013.218126,7,5701.588308
8233.017092,12,5703.254529
9018.815424,7,5704.722094
9018.031022,7,5706.304547
9417.01754,5,5707.737638
9216.229853,6,5709.306711
9215.917231,6,5710.855266
9219.410481,6,5712.338856
4353.35241,35,5716.922087
8234.813697,12,5718.822133
7630.442806,15,5721.122757
7063.416985,20,5723.721975
8033.874608,13,5725.50419
-39698.741048,200,5746.622338
9219.258802,6,5747.970998
-5384.771282,79,5755.337287
7809.897394,13,5757.304594
9019.863143,7,5758.837236
7420.912222,15,5761.105156
9615.040668,4,5762.370248
9415.758933,5,5763.787066
8829.872926,9,5765.622489
9613.62704,4,5766.903352
9215.853164,6,5768.254764
9217.194281,6,5769.856907
9216.140833,6,5771.220808
9617.696502,4,5772.604112
9213.677052,6,5773.987094
9415.009087,5,5775.354094
9220.846736,6,5776.938197
6216.584562,21,5779.204
9417.025049,5,5780.621061
4388.108928,35,5783.770578
9223.43346,6,5785.204224
7830.740004,14,5787.020561
5407.822719,25,5789.571499
-5881.793833,82,5798.75433
-1647.001647,63,5804.420444
7402.186412,15,5806.437527
-10470.683996,107,5817.887729
8419.076888,11,5819.920591
8219.153308,11,5821.604097
8816.869535,8,5824.023642
8235.278856,12,5826.22281
9415.771318,5,5827.586895
-2981.560332,67,5833.621043
9418.07685,5,5835.088035
9014.406357,7,5836.604617
9415.407719,5,5837.92062
9215.139878,6,5839.371193
9216.997683,6,5840.85483
9417.215049,5,5842.220211
553.447259,54,5846.871105
6619.940329,19,5849.304461
9215.937553,6,5850.804342
9404.588444,5,5852.220168
8017.457032,12,5853.870936
9406.655413,5,5855.303967
9421.747357,5,5856.637325
-8360.603808,98,5864.187989
-12380.749662,114,5872.90408
9212.865736,6,5874.403628
6124.872347,23,5877.838753
9418.352194,5,5879.270807
9221.429486,6,5880.720901
9413.588371,5,5882.087455
9214.730446,6,5883.536831
8232.341691,12,5885.43831
6413.997397,20,5887.920267
8049.102152,14,5889.821088
9019.663636,7,5891.220225
1535.718708,47,5895.604495
7416.310104,15,5897.720368
4819.796152,29,5900.57069
8817.902776,8,5902.171146
5911.469851,23,5904.971495
9416.242497,5,5906.420044
9019.304393,7,5907.971213
10000.0,1,5909.137026
9618.425323,4,5910.470495
9216.318781,6,5911.854198
9417.122554,5,5913.286983
6461.838162,23,5915.820158
9014.858802,7,5917.337443
8810.261785,8,5918.836812
9014.997419,7,5920.28685
9615.672023,4,5921.620873
6358.505066,23,5924.354599
9213.398503,6,5925.771351
8212.664059,11,5927.471005
8417.071351,10,5929.454511
9218.890366,6,5930.853506
9022.993263,8,5932.437473
9421.630464,5,5933.837533
5856.617208,25,5936.15344
8617.326844,9,5937.754618
8812.655975,8,5939.287386
7027.587462,18,5941.470683
7031.699526,18,5943.587276
9122.686959,7,5945.003509
8626.207766,10,5946.620042
-34910.707211,200,5968.153905
9218.032784,6,5969.486578
9016.426187,7,5970.904393
9013.790332,7,5972.319917
9616.547139,4,5973.553731
8815.627942,8,5975.237062
8815.538104,8,5976.737621
9419.800032,5,5978.02058
9218.306003,6,5979.387121
9616.450476,4,5980.855476
8615.826634,9,5982.622164
8816.079236,8,5984.120763
10000.0,1,5985.303329
5235.73018,28,5988.57023
9216.84851,6,5989.970388
9015.310237,7,5991.386683
8817.621307,8,5993.088223
8418.954119,10,5994.920844
9213.027896,6,5996.303158
9215.631423,6,5997.586886
9016.219272,7,5999.054276
9314.704807,6,6000.453733
-15576.846038,131,6009.154159
8232.650014,12,6011.021729
9209.859377,6,6012.370309
8518.137056,10,6014.00388
5429.727437,26,6016.35341
9216.382107,6,6017.836531
9217.024747,6,6019.186339
9014.000112,7,6020.637048
8817.22392,8,6022.070524
9213.340727,6,6023.537645
7416.340603,15,6025.353353
6433.407972,21,6027.703645
8799.550898,8,6029.422136
9412.777825,5,6030.83771
9617.171194,4,6032.204045
9417.157367,5,6033.52028
8816.83656,8,6035.137001
716.206275,49,6040.437473
9216.42123,6,6041.820603
9213.984314,6,6043.136694
9415.811762,5,6044.787283
9218.313178,6,6046.154138
9418.228207,5,6047.555152
9418.097371,5,6048.886659
9016.50831,7,6050.437202
5929.632695,24,6053.187066
6437.684535,21,6055.771188
8613.366249,9,6057.371273
7628.572152,15,6059.337412
9216.652745,6,6060.755522
9215.731608,6,6062.070547
8816.512737,8,6063.604072
8413.730039,10,6065.337452
9015.349651,7,6066.670731
9212.337295,6,6068.03645
8017.963182,12,6069.854469
9616.091335,4,6071.103518
8607.330922,9,6072.670295
6641.312715,22,6076.255084
9014.872157,7,6077.553429
7416.114369,15,6079.554033
1416.009514,45,6084.636801
9421.367822,5,6085.870011
9414.476869,5,6087.253404
9416.743232,5,6088.47053
9416.032622,5,6089.686936
9203.162759,6,6091.019629
9418.503099,5,6092.420182
6250.740145,23,6094.68667
-40000.0,200,6112.353039
9217.731838,6,6113.786763
9215.944446,6,6115.18616
9214.102171,6,6116.570264
-36999.978981,200,6130.103641
7922.92865,14,6132.119911
9215.476302,6,6133.620735
9418.422369,5,6134.786425
9416.466813,5,6136.169915
8822.227933,8,6137.670651
9215.838942,6,6139.003546
6816.940682,18,6141.254776
9014.96704,7,6142.670529
9214.958854,6,6143.886377
8232.732985,12,6145.720964
9613.962824,4,6147.003122
8416.13216,10,6148.719965
9014.764355,7,6150.171039
-3090.566886,80,6157.619842
9615.580858,4,6158.853249
9214.53288,6,6160.203999
9009.816508,7,6161.720967
9216.044729,6,6163.036961
9214.18766,6,6164.453635
8222.27402,12,6166.303831
6250.754913,23,6168.619976
7615.720967,14,6170.503639
9214.361427,6,6172.104186
9018.73767,7,6173.571073
7515.52291,15,6175.703922
9015.568657,7,6177.036837
9616.105476,4,6178.352607
9008.835475,7,6179.753437
9213.167117,6,6181.119546
9213.312091,6,6182.470085
6811.389966,18,6184.654027
8023.343944,12,6186.386667
9014.612361,7,6187.820944
9215.073442,6,6189.153488
9216.547044,6,6190.603462
8608.325535,9,6192.187243
4330.762418,33,6195.887504
9416.555148,5,6197.169736
8416.623467,10,6198.836429
9217.120446,6,6200.236202
7030.892924,18,6202.069577
9416.792688,5,6203.353525
9414.60502,5,6204.686572
9216.723858,6,6206.036567
5834.2725,24,6208.887758
8425.038339,11,6210.720704
9615.546808,4,6212.019788
9214.824957,6,6213.436687
8835.146005,9,6215.604876
9413.513485,5,6216.920048
8609.290133,9,6218.621089
9416.348056,5,6219.886209
8811.127848,8,6221.453854
9618.175035,4,6222.753618
7617.595822,14,6224.386369
9216.54016,6,6225.802904
6933.086864,19,6228.087018
8016.792324,12,6229.65253
9013.422565,7,6231.053361
8407.613697,10,6232.754369
7614.809647,14,6234.436162
9017.042961,7,6235.904257
9217.663947,6,6237.655222
7721.530874,14,6239.820469
9213.696575,6,6241.270413
9416.36677,5,6242.58579
7615.67091,14,6244.302741
9019.578484,8,6245.970879
9216.170538,6,6247.302515
9016.752317,7,6248.753181
9617.721924,4,6250.019715
8815.884123,8,6251.453354
9416.020828,5,6252.753426
9217.449764,6,6254.136375
6824.526154,20,6256.487157
8616.709488,9,6258.036632
9418.194565,5,6259.353292
8516.700105,10,6261.03614
6532.163782,21,6263.420726
8431.373159,11,6265.01978
6250.570616,23,6267.787083
8414.028004,10,6269.269931
3418.255746,37,6272.820424
9015.629074,7,6274.318838
9212.517255,6,6275.652548
9011.460557,7,6277.052628
9216.223899,6,6278.570243
8212.980084,11,6280.236467
9413.75042,5,6281.636031
9412.940453,5,6283.272071
730.463054,57,6287.586378
8416.996196,10,6289.069404
9018.315622,7,6290.503618
9014.810154,7,6292.00306
7216.120008,16,6293.836144
9016.140655,7,6295.454157
8016.004819,12,6297.270322
9214.735204,6,6298.769524
8816.258529,8,6300.253012
9415.367538,5,6301.869432
9618.442468,4,6303.119783
9419.372769,5,6304.38581
6414.983216,20,6306.419438
9017.413809,7,6307.919934
9216.572001,6,6309.370276
7819.875474,13,6311.102929
8817.617718,8,6312.703171
9415.457323,5,6314.003305
9214.372796,6,6315.319613
9018.392585,7,6316.770345
9418.213093,5,6318.069952
9215.946052,6,6319.486827
8817.515423,8,6320.886233
-40000.0,200,6337.153636
8514.139792,10,6338.752764
1213.624868,46,6342.669466
9615.853316,4,6343.952739
7032.932767,18,6345.852998
7415.26958,15,6347.83692
9218.007788,6,6349.236709
5433.941976,26,6352.772749
9416.095061,5,6354.06958
9415.895953,5,6355.386118
9416.097076,5,6356.703301
9216.486478,6,6357.970093
6431.455219,21,6360.069453
9214.308085,6,6361.403333
8615.325482,9,6363.020211
9015.721568,7,6364.50297
9214.901084,6,6366.037149
9416.571794,5,6367.319758
9418.31905,5,6368.637158
9016.020054,7,6370.086841
9516.175592,5,6371.436193
9016.017901,7,6372.88607
8115.311472,12,6374.669166
9015.94275,7,6376.085729
5572.888301,29,6378.652647
9017.801665,7,6380.119154
9215.18429,6,6381.519323
9216.156525,6,6383.187752
9414.738474,5,6384.402809
9416.811274,5,6385.718899
9216.6567,6,6387.08537
9416.717414,5,6388.485936
9013.167338,7,6389.903069
8612.398828,9,6391.620182
8616.898015,9,6393.069067
8833.785511,9,6394.852755
9216.57598,6,6396.253516
9016.650709,7,6397.669861
8531.180158,11,6399.53722
9216.423109,6,6401.020733
9215.683202,6,6402.319855
8214.903697,11,6404.085987
9011.453211,7,6405.804223
9212.992173,6,6407.371298
9214.859912,6,6408.685816
6334.283568,23,6411.070029
-5882.716022,106,6421.004359
9218.34023,6,6422.470062
9415.161957,5,6423.768803
9217.909796,6,6425.06898
8921.65389,8,6426.602801
3939.937565,37,6430.070031
9216.532776,6,6431.787102
5039.804454,30,6434.903813
9215.724751,6,6436.219447
9416.307139,5,6437.485409
8612.353896,9,6439.236761
9014.020389,7,6440.719586
9213.120783,6,6442.169361
9217.89816,6,6443.636482
7848.698555,15,6445.76941
9418.065689,5,6447.152844
9008.66309,7,6448.502552
9614.05103,4,6449.820227
9418.399235,5,6451.304132
9217.526756,6,6452.569276
3762.54677,37,6457.203013
1419.236245,45,6462.837653
8812.632278,8,6464.43681
8019.028382,12,6466.119932
9419.716059,5,6467.503078
4483.595619,36,6470.919706
9418.808036,5,6472.369629
9017.234739,7,6473.71957
8205.299679,11,6475.486659
2344.546174,43,6478.902646
8834.387918,9,6480.469116
8834.220962,9,6481.986224
4731.556974,31,6485.353793
8417.748865,10,6487.186573
6617.587227,19,6489.45296
-778.792974,57,6494.903428
6812.828788,18,6497.019927
9038.17282,8,6498.669127
9416.878812,5,6500.070189
9417.993919,5,6501.47083
9417.345595,5,6502.802855
9215.353307,6,6504.218726
9216.216671,6,6505.602781
8436.790134,11,6507.436738
8818.396084,8,6509.204391
9015.673315,7,6510.652673
9615.063821,4,6511.851856
9201.299014,6,6513.185598
9415.853398,5,6514.669995
9017.247742,7,6516.102001
9417.080642,5,6517.318719
9416.513402,5,6518.703054
7615.53783,14,6520.368841
9417.671941,5,6521.669219
9013.667556,7,6523.453843
9413.837126,5,6524.619346
6632.571708,21,6527.002918
7352.832892,18,6529.253443
9123.642566,7,6530.736065
9214.235519,6,6532.218695
9418.127562,5,6533.686863
9011.765331,7,6534.985685
9009.467141,7,6536.453489
9216.520835,6,6537.852894
9215.224234,6,6539.286505
9416.495415,5,6540.519499
9415.227645,5,6541.802649
9018.177502,7,6543.302679
9222.531528,6,6544.718958
9412.078202,5,6546.03614
9216.114252,6,6547.45347
9418.002387,5,6548.802144
2258.433967,44,6553.236139
9215.272132,6,6554.569681
9219.864229,6,6556.254198
8814.569556,8,6557.685822
9417.085894,5,6559.085953
6616.345559,19,6562.325609
8220.599254,12,6564.31954
8613.636797,9,6565.902018
9012.974005,7,6567.386519
9216.953188,6,6568.78603
-4127.428548,79,6576.086816
9414.63653,5,6577.386186
9017.448351,7,6578.869448
9418.699369,5,6580.302891
9013.381757,7,6581.736263
2796.317199,38,6585.652075
9216.493628,6,6587.002016
6466.957755,23,6589.453188
9214.460161,6,6591.152382
7842.778714,15,6593.436303
9215.430807,6,6594.769517
9417.481719,5,6596.26965
9213.240878,6,6597.685405
9416.279333,5,6599.119294
9414.736548,5,6600.486527
614.688746,51,6605.86942
9216.243232,6,6607.268845
7615.858704,14,6609.085775
7810.660964,13,6611.085669
7618.111503,14,6612.835361
9217.878375,6,6614.168763
9419.978525,5,6615.503218
7819.343815,13,6617.386187
8305.892675,11,6619.053105
9414.54809,5,6620.385139
9612.987792,4,6621.802778
5745.742261,26,6624.752445
-40000.0,200,6640.319677
7927.841069,14,6642.569247
2557.204848,42,6646.853085
9223.269161,6,6648.169104
9617.86998,4,6649.435579
8817.494128,8,6651.002693
9417.283779,5,6652.285198
8413.630316,10,6654.137309
7414.796401,16,6656.069487
-6106.311752,89,6661.802153
9014.582056,7,6663.301863
5813.313053,23,6666.787914
7222.181635,16,6668.551948
7012.456168,17,6670.80336
9214.146155,6,6672.135373
9418.658447,5,6673.819595
9419.145224,5,6675.20269
9415.235668,5,6676.551851
9224.164779,6,6678.053331
9218.490743,6,6679.401899
9018.702119,7,6680.869368
9219.417634,6,6682.235281
6016.99225,22,6684.38542
8418.512435,10,6686.20246
9221.828604,6,6687.63596
8806.098506,8,6689.169263
9014.542285,7,6690.58558
9011.711887,7,6692.05264
7651.448015,16,6694.151845
9020.144963,7,6695.720016
9213.614463,6,6697.270417
9016.535604,7,6698.702084
9417.13426,5,6699.934857
9216.033982,6,6701.252509
9017.179899,7,6702.702755
9416.76892,5,6704.002342
8220.964171,11,6705.652479
8515.043753,10,6707.201802
7741.915914,15,6709.502503
9014.020205,7,6710.985913
6249.982208,24,6713.485358
7436.416083,16,6716.036237
9214.979929,6,6717.468819
9414.836565,5,6718.918751
9213.034498,6,6720.319659
6220.126028,21,6722.535255
7053.328967,19,6724.818519
6414.568374,20,6726.868524
9413.8092,5,6728.235243
9017.050476,7,6729.601998
9013.765171,7,6730.918432
8810.000959,8,6732.385309
9416.132827,5,6734.169398
9215.476276,6,6735.668658
8812.990213,8,6737.052012
7413.998426,15,6738.9188
8610.669637,9,6740.735899
-40000.0,200,6752.68508
-39899.994851,200,6765.301913
9217.904357,6,6766.60282
-22484.427354,165,6781.102125
8418.748871,10,6782.651879
9215.384034,6,6784.0685
9414.461553,5,6785.485864
8020.053404,12,6787.252652
8219.41795,11,6789.019083
8615.973828,9,6790.585614
8815.975058,8,6792.085078
9614.301768,4,6793.2848
9415.664893,5,6794.60165
8214.488401,11,6796.236388
6629.383096,20,6798.26847
9016.640858,7,6799.702555
9415.83077,5,6800.984854
9615.49309,4,6802.30196
8024.141579,13,6804.135902
6054.621518,25,6806.968819
9414.588369,5,6808.33612
9213.928317,6,6809.819263
9416.376343,5,6811.135231
9217.203695,6,6812.502043
9016.363293,7,6813.902457
9618.183988,4,6815.23551
8818.553905,8,6816.835979
9212.796712,6,6818.168854
1654.496972,47,6821.885255
9423.635409,5,6823.068746
8816.772141,8,6824.585021
9217.232693,6,6826.11837
-3194.796695,68,6831.502275
8521.119578,10,6833.186115
7255.951681,18,6835.385764
9019.465939,7,6836.752951
9417.123188,5,6838.168121
8430.299998,11,6840.02036
9214.105383,6,6841.737351
9215.39893,6,6843.169384
9618.985117,4,6844.568736
9217.067024,6,6845.98642
9018.632363,7,6847.856896
9416.27389,5,6849.218524
8312.773562,11,6850.919251
8814.439937,8,6852.452147
-5971.279266,83,6861.054217
9217.232357,6,6862.553018
8430.315387,11,6864.369514
-30599.75458,200,6886.570976
9413.936581,5,6888.002652
7811.703586,13,6889.852623
9406.485776,5,6891.269401
8428.989981,11,6893.168565
9417.203391,5,6894.435992
9415.957169,5,6895.886198
9216.8858,6,6897.43633
9219.970603,6,6898.885183
9413.198504,5,6900.303002
9415.72864,5,6901.635166
8614.379075,9,6903.302813
9614.404554,4,6904.552213
9615.000556,4,6905.868645
9614.162611,4,6907.084761
9614.240413,4,6908.352143
8813.792754,8,6910.152296
9212.67008,6,6911.552926
9414.979578,5,6912.986547
9417.887758,5,6914.351696
9614.750838,4,6915.702117
9415.18228,5,6917.236824
9012.705976,7,6918.669268
9210.739708,6,6920.10288
9416.355411,5,6921.535929
8810.677426,9,6923.286574
9014.585726,7,6924.685759
9011.979494,7,6926.152272
9414.712937,5,6927.552092
9015.341452,7,6929.103038
9216.027682,6,6930.51988
-40000.0,200,6946.503328
9016.518247,7,6947.968971
9216.551615,6,6949.385
9417.131532,5,6950.685932
9214.291967,6,6952.135962
9216.492998,6,6953.837331
9221.229844,6,6955.268629
9016.606845,7,6956.602387
6138.676779,23,6959.31959
9213.773067,6,6960.735775
8015.82423,12,6962.585746
3044.34383,39,6966.754036
9416.408191,5,6968.085517
9415.145487,5,6969.536508
9616.583229,4,6970.935573
4475.994057,34,6974.386127
6554.213736,22,6976.953861
9216.978785,6,6978.368152
9615.127392,4,6979.702392
9413.656242,5,6981.553868
9015.132583,7,6983.13583
5819.361254,24,6986.303524
8818.434731,8,6987.818393
9615.951517,4,6989.135684
6014.296507,22,6991.552169
6932.856962,19,6993.718883
9123.303115,7,6995.268232
8816.597476,8,6996.952573
9218.257765,6,6998.502628
9011.897436,7,6999.884518
8901.217983,8,7001.401547
-2458.152571,67,7007.587354
8818.704854,8,7009.085294
8209.303997,11,7010.819702
9613.920724,4,7012.101115
7122.900939,18,7014.60237
7428.864728,17,7016.802208
8817.060904,8,7018.953277
9019.429499,7,7020.51987
8720.033646,9,7022.252711
9413.897548,5,7023.618295
6615.459558,19,7025.819104
8708.555036,9,7027.66889
9213.641264,6,7029.906442
8415.044546,10,7031.686857
9213.346457,6,7033.435702
9216.91759,6,7034.802103
9213.617273,6,7036.419309
8434.830482,11,7038.319784
9221.529128,6,7039.770022
9015.440043,7,7041.369757
8412.568045,10,7043.0533
9616.248452,4,7044.318794
9414.672034,5,7045.736727
7615.976572,14,7047.535788
9214.237288,6,7048.968976
6458.387684,23,7051.535692
7317.306466,16,7053.70315
9417.567617,5,7055.052106
9217.969502,6,7056.435634
8813.575409,8,7057.902231
7415.624847,15,7059.802014
9014.136154,7,7061.202282
9013.844627,7,7062.736186
9614.465458,4,7064.067918
9617.425952,4,7065.385543
8813.267668,8,7066.968815
8922.416805,9,7068.46858
9419.411001,5,7069.751274
9216.212663,6,7071.052022
9213.727833,6,7072.435373
8617.669641,9,7074.018267
9215.621837,6,7075.351644
7999.123253,12,7077.136006
9417.181126,5,7078.534649
10000.0,1,7079.601396
9406.101757,5,7081.08516
9016.157931,7,7082.535341
8819.792924,8,7084.002341
-2742.933557,77,7091.337679
9013.52474,7,7092.719146
9212.62329,6,7094.168279
8915.86804,8,7095.601848
9020.170741,7,7097.101992
8610.670847,9,7098.668443
9214.000941,6,7100.085069
9215.756798,6,7101.36887
8233.060118,12,7103.068508
7615.832131,14,7105.286108
6436.94736,21,7107.852714
9016.770269,7,7109.335845
8815.490088,8,7110.851847
8252.923792,13,7112.669052
9211.37169,6,7114.152285
9010.037789,7,7115.703084
9415.793594,5,7117.052706
9019.405512,7,7118.503258
9323.392363,6,7119.901764
1414.196742,45,7124.602896
8815.006123,8,7126.119182
8614.755284,9,7127.818984
9017.277723,7,7129.285779
8217.01719,11,7131.119025
9414.736162,5,7132.618975
5333.712096,29,7136.052812
9406.960053,5,7137.485974
7222.418545,17,7139.870066
-40000.0,200,7156.785807
9014.037145,7,7158.352348
8216.965099,11,7160.035874
9415.781121,5,7161.502611
8717.100225,9,7163.118599
10000.0,1,7164.234578
9413.59207,5,7165.702643
9013.846422,7,7167.151821
6813.525865,18,7169.652862
9014.171431,7,7171.301538
6325.960885,22,7173.869055
9317.9425,6,7175.218792
9218.996707,6,7177.035826
9013.02556,7,7178.952142
7010.7702,17,7181.802347
9217.024619,6,7183.201992
8212.941012,11,7185.01883
8437.511362,11,7186.802756
4137.721604,33,7190.619973
9616.070991,4,7192.338377
7228.159006,17,7194.801839
7212.383268,16,7197.084937
9214.490962,6,7198.518615
9015.092598,7,7199.901853
9415.273919,5,7201.28556
9219.68426,6,7202.734417
9012.889092,7,7204.286008
9213.842058,6,7205.667693
9420.104063,5,7207.302864
8414.097672,10,7208.917828
9319.644157,6,7210.368213
4725.093369,30,7213.451731
9414.860079,5,7214.801047
9415.472893,5,7216.152798
9330.390911,6,7217.667923
8529.226675,10,7219.452457
8930.658988,8,7221.086029
8936.012903,8,7224.054604
8531.659575,10,7225.751477
9131.459111,7,7227.402068
8729.069723,9,7229.320788
8927.625573,8,7230.934557
8533.814133,10,7232.71897
8728.507198,9,7234.518471
9131.635923,7,7236.085934
7251.017882,18,7238.686289
8933.146227,8,7240.369344
8730.151367,9,7242.152759
8020.191684,12,7244.218313
9016.845691,7,7245.901647
8017.797096,12,7247.884762
9411.683759,5,7249.317793
7336.68038,17,7252.870002
5531.042162,25,7257.63744
7812.632687,13,7260.404155
5618.015451,24,7264.553389
9414.781225,5,7266.085929
9216.145934,6,7267.667706
9218.140784,6,7269.167786
9216.860827,6,7270.602289
9133.543263,7,7272.368881
8736.075613,9,7274.101961
9135.099349,7,7275.651624
9219.294335,6,7277.202018
9415.915247,5,7278.701967
8729.014797,9,7280.636107
9216.513217,6,7282.47105
8748.092054,10,7284.552598
6727.469989,21,7287.520061
9413.779388,5,7289.318957
9215.052645,6,7290.969499
9333.831767,6,7292.501874
8415.707474,10,7294.419043
9617.53956,4,7295.800812
9019.837248,7,7297.284637
6531.136836,20,7299.418052
6946.216516,19,7302.637856
8929.910477,8,7304.402328
9014.096043,7,7306.270561
8731.94862,9,7308.069883
9014.038841,7,7309.687622
9217.021094,6,7311.436869
9016.813192,7,7313.119176
9217.344231,6,7314.668455
8124.352272,12,7316.869913
9214.430336,6,7318.451405
9417.886457,5,7319.919783
8816.084256,8,7321.686532
8217.67954,11,7323.938458
9219.147184,6,7325.535565
8816.125518,8,7327.369748
9135.936943,7,7329.619725
-40000.0,200,7353.578903
9135.661814,7,7355.743407
8331.128939,11,7358.259401
7152.88379,20,7365.711854
9217.902982,6,7367.537478
9134.523544,7,7369.286457
9133.770361,7,7371.068164
8729.401226,9,7372.902217
8432.258307,11,7375.305092
9008.378559,7,7377.38726
8820.002239,8,7379.185529
8929.915866,8,7380.836144
9317.278659,6,7382.568952
9216.437956,6,7384.101179
8534.172077,10,7386.168894
9016.292678,7,7387.987173
9333.988324,6,7389.686239
6530.702533,20,7393.305081
8614.600147,9,7395.220793
8927.67969,8,7397.03659
9215.869772,6,7398.685878
8327.89596,11,7400.703554
8930.24148,8,7402.6232
9332.435757,6,7404.151061
9131.573911,7,7405.852594
2420.697242,48,7412.749275
9616.280106,4,7414.719759
8640.968183,10,7416.484921
9216.886612,6,7418.085851
9017.596397,7,7419.6849
7019.875997,17,7422.486907
10000.0,1,7423.985721
8130.215265,12,7426.390928
5717.053602,24,7430.181407
-978.838739,57,7438.14301
9014.216633,7,7440.037283
8351.348967,12,7442.08522
-25380.826832,180,7473.04215
8064.977616,14,7475.520991
8936.118209,8,7477.236262
9125.792939,7,7478.919086
7951.886797,14,7481.069572
9333.91363,6,7482.819668
5752.815825,25,7486.439483
9016.373305,7,7488.201428
8534.292713,10,7490.27016
9333.867412,6,7491.984561
9216.946033,6,7493.585292
9217.2012,6,7495.318681
9132.210828,7,7497.353474
9129.289367,7,7498.984966
9135.020831,7,7500.802424
8813.895454,8,7502.53532
8430.239403,11,7505.120807
-40000.0,200,7532.855272
9418.167302,5,7534.418136
8928.812196,8,7536.152422
6321.999078,21,7538.989102
9014.905619,7,7540.768235
8618.502561,9,7542.668358
9217.410685,6,7544.368659
8525.874729,10,7547.406712
2013.639612,50,7553.819832
7524.597046,15,7556.35354
5531.746542,25,7559.288924
259.529725,60,7566.72514
9135.133733,7,7568.485816
6179.690825,25,7571.70478
8933.824555,8,7573.719256
9134.606329,7,7575.652164
8261.417421,13,7578.054538
9615.49778,4,7579.919129
9215.220295,6,7581.553209
8725.616171,9,7583.319117
8721.918625,9,7585.184801
9331.053521,6,7586.869958
8734.115676,9,7588.751612
9219.773052,6,7590.352656
6529.570216,21,7593.254355
8734.255698,9,7595.337483
8333.424785,11,7597.320099
9214.581835,6,7598.96894
6549.612737,21,7601.687938
9132.427647,7,7603.435827
9336.418561,6,7605.035301
9216.169319,6,7607.153255
9133.924554,7,7608.717912
9416.387767,5,7610.117567
7649.009708,17,7613.093017
9131.871799,7,7614.717699
8431.715031,11,7616.836402
8731.915764,9,7619.671455
-6679.474511,98,7632.791958
5818.838866,23,7636.53765
9131.046514,7,7638.217992
7939.129975,14,7640.53472
9416.616963,5,7642.102141
8930.718724,8,7644.170078
9123.042737,7,7645.918271
9015.772891,7,7647.636616
9224.49593,6,7649.335762
9015.820099,7,7651.05255
-3650.114022,72,7661.556753
9017.044362,7,7663.603663
-27747.687142,200,7687.170826
9132.380016,7,7689.119052
8931.855805,8,7690.936474
7327.916021,16,7693.151712
9133.241049,7,7695.153823
8729.786382,9,7697.069345
8150.159335,13,7699.301916
8232.002343,12,7701.485127
9215.078802,6,7703.051883
9416.243461,5,7704.517613
8317.305989,11,7706.601866
8817.298456,8,7708.452392
5363.335689,28,7712.002604
8521.670593,10,7714.33562
9213.875935,6,7716.068406
8635.98526,10,7718.03534
9214.690709,6,7719.753543
8719.02309,9,7721.56804
9333.463456,6,7723.185226
7414.668058,15,7725.83737
9216.70282,6,7727.485402
9215.816683,6,7729.26911
7632.751933,15,7731.602014
9217.004332,6,7733.335428
8116.513377,12,7735.434661
8931.377909,8,7737.252702
9418.484577,5,7738.801656
9414.997606,5,7740.736755
8930.489583,8,7742.451341
9217.537375,6,7744.035908
-3834.696966,83,7754.466868
7547.289729,16,7757.637655
9415.678937,5,7759.150707
9417.976215,5,7760.718616
9416.13393,5,7762.268511
5419.534122,28,7766.237378
9220.782357,6,7767.952426
9620.45171,4,7769.45097
9419.980471,5,7771.035238
9135.217101,7,7772.835885
8536.164361,10,7774.684754
8615.85976,9,7776.619594
9132.214027,7,7779.057552
8933.995766,8,7780.851792
9013.535421,7,7782.467469
9415.924051,5,7784.017309
9617.215964,4,7785.466861
9132.493513,7,7787.168631
8817.303011,8,7789.052255
8151.436811,13,7791.620647
-40000.0,200,7815.572701
8729.855002,9,7817.502642
8731.380292,9,7819.453232
6345.131903,22,7822.488096
9417.686657,5,7824.050724
5399.7028,25,7828.06795
9331.775719,6,7829.717451
4899.679498,32,7833.451619
8424.068476,11,7835.485759
7951.078471,14,7837.886024
8832.491753,9,7839.818252
8731.760387,9,7841.668793
9328.550876,6,7843.317955
9419.927614,5,7844.767088
9217.730781,6,7846.383751
4546.992559,33,7851.676548
3148.24402,38,7856.839905
5437.31947,32,7861.46727
9212.394703,6,7863.134352
9216.537009,6,7864.717175
-39453.224862,200,7886.852556
8821.312664,8,7889.420526
8450.037383,12,7891.817527
8819.049253,8,7893.63474
9331.857404,6,7895.352204
8932.237512,8,7896.75044
3216.088853,43,7901.385391
8933.914444,8,7903.972874
8332.298691,11,7906.234678
8731.432399,9,7908.687858
9131.57352,7,7911.938818
8717.362071,9,7913.868234
8330.322272,11,7915.768399
7772.159384,16,7918.0672
9133.590301,7,7920.069008
8934.142133,8,7921.90027
9333.512937,6,7923.85389
9526.993241,5,7925.283768
9333.11382,6,7926.866521
9332.945263,6,7928.383633
8124.634026,12,7930.418341
7433.807328,16,7932.784795
8733.426312,9,7934.550575
7027.145428,18,7937.135394
8430.750776,11,7939.134537
7147.523007,19,7941.78525
9216.466412,6,7943.970883
9216.090399,6,7945.702025
7052.343993,19,7948.118227
8931.295474,8,7949.968312
7647.410043,16,7952.251719
3797.364651,38,7956.217823
8721.344487,9,7958.353143
9127.593026,7,7960.036036
5669.235244,28,7963.667037
9331.887726,6,7965.317969
9016.777505,7,7966.967661
9532.130356,5,7968.819034
9135.972868,7,7970.61877
8933.147729,8,7972.284164
9333.424087,6,7973.93381
8328.483557,11,7976.102499
9219.068428,6,7977.766783
10000.0,1,7979.083586
9215.672827,6,7980.666742
8054.818623,14,7983.219232
9331.745374,6,7984.76674
5405.193561,25,7987.784988
8933.036351,8,7989.416839
8817.106157,8,7991.068235
8930.896299,8,7992.867976
9215.978224,6,7994.416764
8531.016004,10,7997.238123
9416.60246,5,7998.866939
7215.235619,16,8001.10119
9416.217279,5,8002.684826
9125.164491,7,8004.533802
7734.694472,15,8007.870115
8735.487703,10,8010.034022
9216.587061,6,8011.73507
8916.068928,8,8013.919474
5775.527792,27,8016.96769
9210.720272,6,8018.55102
9013.63704,7,8020.099837
8631.338712,10,8022.151991
7820.297481,13,8024.368014
8931.9244,8,8026.050412
8930.330387,8,8027.985538
9016.859271,7,8029.617574
1740.341815,46,8034.584471
8146.82682,13,8036.801446
8532.187093,10,8038.650146
8736.8328,9,8040.468205
9133.666996,7,8042.133306
9530.430851,5,8043.850958
9218.200427,6,8045.467404
9415.435035,5,8046.900388
2899.477388,43,8051.652182
9332.422273,6,8053.40161
8817.376878,8,8055.100956
8932.502293,8,8056.850103
9219.982234,6,8058.466876
-809.231352,63,8065.335086
9416.975431,5,8066.90147
9416.897211,5,8068.500296
9900.459432,2,8070.116129
9133.52787,7,8071.868616
8932.468064,8,8073.667982
9013.781959,7,8075.283275
9133.63722,7,8076.93441
8632.953808,10,8078.951535
9333.076126,6,8080.483377
-3739.231187,81,8090.937035
9134.183244,7,8092.483414
5150.750001,28,8096.937072
8116.42517,12,8099.251771
8416.667782,10,8101.50238
7641.852511,15,8104.219004
9016.382789,7,8105.866895
8816.739875,8,8107.600596
9415.799299,5,8109.066235
8332.622802,11,8111.16816
8616.893563,9,8112.934443
8816.735313,8,8114.56684
9214.553449,6,8116.151364
9216.026994,6,8117.816418
7529.297908,15,8120.73448
8633.202217,10,8122.751483
8933.270237,8,8124.717335
8429.162612,11,8126.801197
8031.24119,13,8129.051186
9132.681599,7,8130.80109
9134.401889,7,8132.467187
-40000.0,200,8148.067604
8817.360841,8,8149.951762
9216.124644,6,8151.583534
8729.981492,9,8153.266609
6189.132189,26,8156.534142
9132.017873,7,8158.234183
10000.0,1,8159.583493
9615.779321,4,8161.150935
6018.359963,22,8163.800531
5716.207261,25,8167.101527
8931.058915,8,8168.883616
9217.203753,6,8170.467559
7942.47976,14,8172.63438
9619.824665,4,8174.066679
8929.99925,8,8175.766539
9216.749894,6,8177.433224
8734.727792,9,8179.334733
9421.388067,5,8180.850592
7330.646444,16,8183.250975
9334.012639,6,8184.832879
9018.089253,7,8186.500644
6254.18389,28,8189.76757
8238.323844,12,8191.900941
9133.337894,7,8193.568351
9330.446332,6,8195.150554
8615.955496,9,8196.967375
7216.690378,16,8199.434121
9215.272019,6,8201.10118
7828.457189,14,8203.13337
8414.358331,10,8204.967959
9416.147299,5,8206.56656
8730.919408,9,8208.534246
8738.517561,9,8210.468271
9128.368922,7,8212.383654
9416.484461,5,8213.967403
8533.32999,10,8215.917785
9318.846656,6,8217.616718
9216.706385,6,8219.25082
8114.733336,12,8221.600572
9133.100167,7,8223.167461
8721.633371,9,8225.101415
7735.119037,14,8227.801833
9216.918639,6,8229.819417
9129.946106,7,8231.551224
9016.444422,7,8233.251186
9222.836765,6,8234.782903
9133.089431,7,8236.366701
9016.460162,7,8238.167257
9134.015831,7,8239.834242
8135.86781,13,8241.93323
9414.119115,5,8243.432956
8926.059646,8,8245.166966
8817.772925,8,8246.817751
9134.156302,7,8248.517722
6065.29104,25,8251.585721
8924.190062,8,8253.501674
9216.494984,6,8254.966672
9417.042426,5,8256.400287
2933.086975,38,8260.302246
9013.450064,7,8261.899908
6531.715668,21,8266.900889
9016.329884,7,8268.601287
9422.369951,5,8270.015755
7951.09335,14,8272.117537
9422.880066,5,8273.767168
9131.444824,7,8275.666756
8528.955099,10,8277.733384
