#{"t_start": 1674316415.0256553, "env_id": "gripper-env-v0"}
r,l,t
7012.440494,17,5.14932
7900.894391,12,6.44812
9492.898305,5,7.715099
-40000.0,200,17.231085
-40000.0,200,28.549575
-39904.333538,200,43.683964
-40000.0,200,56.232084
1803.819886,44,61.183293
6690.31331,23,63.782275
10000.0,1,64.965415
-39900.528279,200,80.799196
-39488.322984,200,93.114894
-40000.0,200,108.49893
-40000.0,200,121.032177
-39402.380053,200,132.715163
-40000.0,200,143.965138
2913.713176,41,147.6818
-39813.537749,200,160.581712
-38387.185752,200,176.265478
-40000.0,200,187.398281
-40000.0,200,198.881825
-40000.0,200,211.381651
-39203.185402,200,225.532
-16868.361764,151,235.498347
-39216.761245,200,247.598384
-39292.375592,200,259.465014
-39899.537844,200,271.615129
-40000.0,200,283.164851
-40000.0,200,295.464826
-40000.0,200,307.631672
-40000.0,200,319.781863
-311.875133,62,326.482952
-39201.02937,200,338.448445
-38392.936922,200,350.76493
-40000.0,200,363.465143
-40000.0,200,376.849289
-7496.633517,92,382.848138
-40000.0,200,394.598129
-39895.646512,200,406.531238
-39511.339114,200,418.281366
-40000.0,200,429.531563
-40000.0,200,443.098607
-40000.0,200,454.498261
-39600.181695,200,467.281422
-39601.1774,200,478.964728
-39899.43407,200,490.347947
-39899.99847,200,504.314698
-40000.0,200,515.764391
-40000.0,200,527.747928
-39900.036373,200,542.832218
-39498.461173,200,556.831735
-39801.62814,200,570.698255
-40000.0,200,584.081703
-40000.0,200,596.697698
-40000.0,200,609.481465
-40000.0,200,624.131614
-40000.0,200,639.698189
-39087.559766,200,653.031487
-39900.870487,200,664.414453
-40000.0,200,680.148635
-39604.801478,200,692.481151
-40000.0,200,704.181163
-40000.0,200,717.697831
-3699.999437,70,722.54758
-39298.728099,200,736.097447
-40000.0,200,754.898153
-39798.064335,200,768.147424
-39600.632574,200,781.231236
-39599.811807,200,793.247566
-39517.284106,200,807.215487
-39200.019072,200,820.531651
-39597.733793,200,835.181271
-40000.0,200,847.730783
-39800.277471,200,862.947979
-39801.136234,200,874.59743
-39094.216584,200,889.765011
-39016.798838,200,903.447706
-38600.175914,200,918.11428
-38631.65597,200,932.697651
-39402.06239,200,946.914715
-39799.99903,200,960.431288
-39405.177123,200,977.680373
-39300.19383,200,991.380258
-39799.999534,200,1003.447266
-39800.169688,200,1021.098426
-39303.171994,200,1034.48141
-38687.814888,200,1051.047796
-39099.685844,200,1064.797339
-40000.0,200,1077.346866
-39799.765592,200,1090.130325
-39298.588086,200,1105.464206
-39500.324346,200,1117.963559
-40000.0,200,1130.63084
-40000.0,200,1143.246929
-39600.11509,200,1156.996723
-39482.960646,200,1168.979959
-40000.0,200,1180.479939
-39497.084531,200,1194.730156
-40000.0,200,1206.513632
-37317.679584,200,1220.947644
-36626.302151,200,1235.763934
-39699.729528,200,1248.629385
-40000.0,200,1260.413852
-40000.0,200,1271.813324
-40000.0,200,1283.946668
-32695.008506,200,1303.163581
-39899.20924,200,1316.380034
-40000.0,200,1331.264763
-35899.619459,200,1346.697914
10000.0,1,1347.862749
-40000.0,200,1361.096388
-39401.993133,200,1374.429698
-40000.0,200,1391.030608
-40000.0,200,1403.280034
-40000.0,200,1415.780035
-38208.852993,200,1428.713006
-40000.0,200,1441.896216
-39897.418838,200,1453.146027
-39225.463284,200,1466.079681
-40000.0,200,1478.796154
-40000.0,200,1490.328901
-40000.0,200,1502.162542
-40000.0,200,1517.79662
-40000.0,200,1531.029515
-40000.0,200,1546.547042
-40000.0,200,1559.462923
-40000.0,200,1571.379436
-40000.0,200,1584.146339
-40000.0,200,1598.16268
-40000.0,200,1609.295947
-40000.0,200,1620.462584
-40000.0,200,1631.512452
-40000.0,200,1643.379366
-40000.0,200,1657.39581
-40000.0,200,1670.396139
-40000.0,200,1687.331089
-40000.0,200,1702.646654
-40000.0,200,1714.446048
-40000.0,200,1725.579293
-40000.0,200,1740.44628
-40000.0,200,1757.546357
-40000.0,200,1771.979829
-40000.0,200,1788.814368
-40000.0,200,1803.762333
-40000.0,200,1820.046251
-40000.0,200,1831.861905
-40000.0,200,1845.579425
-40000.0,200,1857.828677
-39800.000971,200,1871.646637
-40000.0,200,1887.946389
-40000.0,200,1899.645413
-40000.0,200,1915.179639
-40000.0,200,1927.011888
-40000.0,200,1938.64523
-40000.0,200,1950.545422
-40000.0,200,1961.61186
-40000.0,200,1972.628321
-40000.0,200,1983.845282
-40000.0,200,1999.762703
-40000.0,200,2015.479486
-40000.0,200,2027.228195
-40000.0,200,2040.761915
-40000.0,200,2053.644829
-40000.0,200,2066.561625
-40000.0,200,2079.945256
-40000.0,200,2093.644463
-40000.0,200,2110.01217
-40000.0,200,2123.19502
-40000.0,200,2134.627888
-40000.0,200,2152.811724
-40000.0,200,2166.628216
-40000.0,200,2179.928155
-40000.0,200,2193.978282
-40000.0,200,2212.778613
-40000.0,200,2225.194134
-40000.0,200,2236.610947
-40000.0,200,2250.144593
-40000.0,200,2262.077746
-40000.0,200,2275.994469
-40000.0,200,2287.511114
-40000.0,200,2300.82771
-40000.0,200,2312.444077
-40000.0,200,2325.810549
-40000.0,200,2339.361062
-40000.0,200,2356.561513
-40000.0,200,2369.577253
-40000.0,200,2385.844314
-40000.0,200,2399.994343
-40000.0,200,2413.977406
-40000.0,200,2428.127267
-40000.0,200,2439.827169
-40000.0,200,2453.893894
-40000.0,200,2467.593742
-40000.0,200,2478.776961
-40000.0,200,2492.660123
-40000.0,200,2506.310594
-40000.0,200,2517.560227
-40000.0,200,2531.127176
-40000.0,200,2546.86092
-40000.0,200,2560.493836
-40000.0,200,2573.509952
-40000.0,200,2587.110183
-40000.0,200,2600.760241
-40000.0,200,2614.877006
-40000.0,200,2626.076574
-40000.0,200,2642.793826
-40000.0,200,2654.743177
-40000.0,200,2667.043056
-40000.0,200,2680.393211
-40000.0,200,2695.393151
-40000.0,200,2708.743068
-40000.0,200,2719.8595
-40000.0,200,2730.942766
-40000.0,200,2742.076332
-40000.0,200,2754.643131
-40000.0,200,2767.509794
-39900.001528,200,2782.710108
-40000.0,200,2795.126273
-40000.0,200,2811.04309
-40000.0,200,2822.209321
-40000.0,200,2833.492761
9899.999351,2,2834.793487
-39899.918288,200,2846.109367
-40000.0,200,2857.242462
-40000.0,200,2871.645507
-40000.0,200,2882.609227
-40000.0,200,2893.809256
-40000.0,200,2907.293243
-40000.0,200,2922.510056
9900.00045,2,2923.725621
-40000.0,200,2936.293635
-40000.0,200,2952.79334
-40000.0,200,2970.094447
-40000.0,200,2982.426102
-40000.0,200,2993.825851
-40000.0,200,3008.643195
-40000.0,200,3021.892786
-40000.0,200,3033.825807
-40000.0,200,3046.259094
9900.248541,2,3047.508835
-39899.602256,200,3060.008935
-18703.052539,145,3070.559472
-36857.998369,200,3083.29226
-40000.0,200,3095.225603
-40000.0,200,3106.792184
-31969.976529,200,3118.908967
9733.417737,4,3120.376232
-34097.397218,200,3135.076556
-39801.984664,200,3146.375737
-14003.659242,122,3155.325929
-40000.0,200,3176.709025
9899.999811,2,3177.975167
9900.312908,2,3179.208423
-21203.649302,158,3190.225453
-39901.025921,200,3202.025371
-40000.0,200,3218.159146
-39409.276894,200,3236.642228
-40000.0,200,3250.758729
-39899.925005,200,3264.29188
-40000.0,200,3278.308785
-40000.0,200,3290.875491
9113.925303,7,3292.341684
10000.0,1,3293.524338
-40000.0,200,3312.109297
-40000.0,200,3324.775053
7499.386361,14,3326.809765
-40000.0,200,3342.692023
8400.589564,10,3344.676444
-9502.691666,99,3350.925838
3199.755365,36,3354.326385
8511.526859,10,3356.042587
-40000.0,200,3371.191716
-40000.0,200,3514.491533
9698.410639,3,3515.97571
-6899.800583,86,3522.775504
-40000.0,200,3537.041787
9300.641751,5,3538.441767
9000.588933,7,3539.992107
-2501.923921,64,3545.058796
-21095.32997,165,3559.275806
10000.0,1,3560.491684
7009.336131,22,3563.42565
9405.595277,5,3564.841221
-40000.0,200,3578.041486
9698.02851,3,3579.274635
9498.106896,4,3580.574306
9699.272117,3,3581.891623
9497.525431,4,3583.208155
7905.81331,13,3585.142835
8900.137125,7,3586.675379
-40000.0,200,3608.077391
9497.044936,4,3609.357592
9699.689113,3,3610.607567
10000.0,1,3611.774122
9298.741473,5,3613.141039
9699.053234,3,3614.374087
5305.213224,30,3617.308454
8803.429902,8,3618.858507
-8105.3559,92,3625.458846
-40000.0,200,3640.442311
9491.447969,4,3641.741871
9611.158978,4,3643.175555
-23899.999947,171,3654.341678
9098.925044,6,3655.842317
-20899.998411,156,3666.52511
5899.998559,22,3669.45869
9608.106016,4,3670.992546
-40000.0,200,3684.475151
9698.289414,3,3685.841476
9498.434765,4,3687.442885
9699.020354,3,3688.774845
6194.010898,24,3691.825809
-10078.689933,130,3703.358698
8302.768058,11,3705.242069
9300.021815,5,3706.675226
-5603.912581,80,3712.357871
-40000.0,200,3725.291497
9494.639123,4,3726.624758
4009.914209,35,3729.708741
9015.338721,7,3731.293537
-2498.811789,65,3736.62499
8887.789964,9,3738.457916
5897.978059,22,3740.924734
7299.798809,15,3743.407669
8698.198986,8,3745.041556
9499.834312,4,3746.340638
-40000.0,200,3760.258529
9498.993003,4,3761.642984
-40000.0,200,3775.224585
6299.999007,20,3777.458095
9498.284298,4,3778.942668
5300.0,25,3781.575283
6013.132954,25,3784.408634
9698.046982,3,3785.640589
9697.004628,3,3787.024308
9489.890464,4,3788.442056
9297.222593,5,3789.824977
9498.724985,4,3791.108179
6789.208106,19,3793.44188
9297.267112,5,3795.362142
7496.920286,14,3797.607887
9497.468017,4,3798.924156
-40000.0,200,3813.325197
-7300.0001,91,3819.574401
9501.876031,4,3820.890596
9297.877786,5,3822.224896
8610.618344,9,3823.858418
9109.728231,7,3825.408083
8099.083921,11,3827.191265
-40000.0,200,3841.724534
-40000.0,200,3855.908905
-40000.0,200,3869.241134
-40000.0,200,3886.143242
-17399.999722,139,3896.991043
-13799.206486,121,3904.241637
-1990.862957,62,3908.925153
9098.32826,6,3910.491039
9097.157155,6,3911.890936
9698.312151,3,3913.207563
4100.000184,31,3917.725781
9099.351964,6,3919.191398
9099.813228,6,3920.657537
-2101.030725,62,3926.07518
8998.219786,7,3927.590528
8899.452427,7,3929.158381
-6802.012133,87,3935.907728
3498.58007,34,3939.058018
-40000.0,200,3954.157794
9499.133508,4,3955.407677
-29103.820281,198,3967.424386
3697.847948,33,3970.357503
10000.0,1,3971.606864
9299.959191,5,3972.990676
9290.728755,5,3974.290907
6900.070381,17,3976.458507
8497.93115,9,3978.074811
9499.896437,4,3979.441105
9498.392557,4,3980.843171
9298.146493,5,3982.241721
8900.002582,7,3983.841641
-39170.889262,200,3996.757781
5211.891473,27,3999.524739
3612.909119,34,4002.708177
-24501.102665,174,4016.560067
9303.123228,5,4017.940537
9298.379697,5,4019.341144
5511.321841,25,4022.124751
8685.603605,9,4023.808567
1800.047042,44,4028.225323
9498.059306,4,4029.607771
7802.741364,13,4031.375201
9497.980802,4,4032.777109
9496.389009,4,4034.073858
9411.750867,5,4035.557505
8907.849421,8,4037.124677
1890.703741,42,4040.891627
9299.600205,5,4042.290891
9006.351923,7,4043.87509
7812.148792,13,4045.891735
7600.78528,14,4047.74123
8898.091639,7,4049.224094
8201.444642,12,4051.175478
4500.278721,30,4053.95738
5612.235173,27,4057.107969
6720.053014,21,4059.974744
9399.382077,5,4061.391226
8196.972449,13,4063.458189
9499.1266,4,4064.757311
6497.583283,19,4067.04135
6496.780501,19,4069.508779
9203.135961,6,4070.973567
-498.101415,61,4075.708153
9010.144181,7,4077.157909
9210.084896,6,4078.624416
5697.882391,23,4081.541309
8496.45164,9,4083.093129
9211.288236,6,4084.424103
9297.814626,5,4085.908732
9308.848879,6,4087.525153
7899.999021,12,4089.291476
7612.883919,14,4091.27528
1115.96526,47,4095.457281
9211.903257,6,4096.857549
-40000.0,200,4112.02438
-2611.521128,108,4121.808459
-22193.863981,200,4135.94148
-21783.700345,200,4151.525142
-16597.335896,183,4168.841269
8298.20103,10,4170.424436
1594.752421,48,4175.291698
7809.066681,18,4178.109613
2299.917891,40,4182.325146
9313.262284,6,4183.741419
9403.496106,5,4185.357345
8401.778513,10,4187.007569
7814.67309,13,4188.924954
9497.611419,4,4190.257666
9001.464921,7,4191.757806
6323.214404,24,4194.374949
9099.96462,6,4195.824423
8709.600258,9,4197.440605
8707.905957,9,4199.21015
4502.574846,33,4202.057467
9499.904379,4,4203.406772
9297.757385,5,4204.790267
9698.028694,3,4206.040365
9099.140096,6,4207.440656
9098.826735,6,4209.007891
9007.415823,7,4210.507696
9698.450393,3,4211.840233
9696.808757,3,4213.191162
9099.951522,6,4214.557198
9298.196427,5,4215.873652
9498.31763,4,4217.140384
6298.416892,20,4219.442177
9399.006091,5,4221.142389
9210.563671,6,4222.507218
8099.267663,11,4224.407519
1895.819813,42,4228.907228
8099.19352,11,4230.657308
9498.512165,4,4232.006925
9098.53841,6,4233.424524
9499.654567,4,4234.790678
4900.000211,27,4237.507895
8697.502921,8,4239.107729
9298.11077,5,4240.557186
9299.522853,5,4241.941109
9298.168616,5,4243.374786
9099.269107,6,4244.82499
9098.842517,6,4246.240917
5497.895821,24,4249.143283
9498.813378,4,4250.40689
9299.247863,5,4251.891321
7298.351314,15,4253.874677
4299.591052,30,4256.524569
6413.970521,21,4259.124741
9299.757696,5,4260.591277
-2415.692036,67,4265.424174
9698.0973,3,4266.740535
10000.0,1,4267.923729
2614.55845,40,4271.057202
7734.969102,15,4273.007931
9298.497414,5,4274.306959
9698.003885,3,4275.60748
9298.910622,5,4277.007779
8698.486314,8,4278.524337
9900.000001,2,4279.77396
7397.63657,15,4282.609464
9497.902698,4,4283.790241
9100.884691,6,4285.157515
9298.354903,5,4286.574456
8600.871484,9,4288.157402
10000.0,1,4289.323783
-13700.102118,120,4302.724248
9499.922121,4,4304.040193
9500.32232,4,4305.66148
-39899.133242,200,4317.190344
8598.470867,9,4319.176508
-2869.084254,70,4324.624499
-40000.0,200,4337.740707
7901.198236,13,4339.608029
9700.10891,3,4341.090743
9495.872408,4,4342.457495
1409.31835,46,4345.993218
8298.750871,10,4347.624352
8996.950357,7,4349.173734
-23702.245669,170,4369.325356
9497.830329,4,4370.690521
4098.772424,31,4373.374326
9298.542602,5,4374.707295
9499.294818,4,4375.990311
8298.05695,10,4377.590499
9200.075549,6,4379.057656
9299.09194,5,4380.390376
10000.0,1,4381.573713
-40000.0,200,4404.541828
-15491.566261,130,4415.025032
8897.92403,7,4416.524749
9297.678502,5,4417.891153
8613.858213,9,4419.509667
10000.0,1,4420.673593
9298.109072,5,4422.157836
6710.286767,19,4424.57461
-40000.0,200,4440.191071
7493.167546,15,4442.476094
2605.589243,41,4445.690465
5806.700397,24,4448.424248
9098.47982,6,4449.856853
9691.537424,3,4451.206562
8597.849157,9,4452.874857
7699.764771,13,4454.857893
-39703.006006,200,4469.307382
4507.333704,36,4472.907596
9297.752757,5,4474.307201
7602.138908,14,4476.291351
7910.409849,13,4478.474529
7599.850143,14,4480.458017
8501.147674,9,4482.107576
8208.630262,12,4483.890688
9011.07844,7,4485.491464
9097.319505,6,4486.906962
8212.449204,13,4489.274565
6598.506239,19,4491.524092
9297.843205,5,4492.840126
8018.827551,14,4495.057362
8201.188151,14,4497.057833
9291.269345,5,4498.541551
10000.0,1,4499.70676
8602.88695,9,4501.291174
9207.387226,6,4502.757601
9011.376916,7,4504.291394
7889.287778,12,4506.073622
-3802.086039,72,4514.041025
8499.998938,9,4515.623778
7299.723916,15,4517.843766
9098.912595,6,4519.195107
9698.196223,3,4520.456927
9498.526077,4,4521.791217
9698.262062,3,4523.073658
-40000.0,200,4535.907277
7200.883289,17,4538.927603
8687.213367,8,4540.491261
9100.0906,6,4541.88994
1810.300641,43,4545.974719
9298.489163,5,4547.374095
9298.89426,5,4548.707494
7614.176268,14,4550.758415
8798.238102,8,4552.440526
10000.0,1,4553.5911
9296.364608,5,4554.95839
7399.005667,19,4557.491515
9298.953583,5,4558.875621
9096.738278,6,4560.324113
8499.772981,9,4561.890782
9099.999993,6,4563.356949
5712.12775,24,4565.757309
9297.590725,5,4567.15721
5801.716979,23,4569.823654
9298.505413,5,4571.742218
3600.239966,34,4574.657275
9604.73153,4,4575.990731
8408.852826,10,4577.757563
9298.275544,5,4579.225068
9297.701427,5,4580.890893
9501.440899,4,4582.207776
9012.672292,7,4583.723504
7510.193014,15,4585.690623
9297.966224,5,4587.073544
5894.279815,23,4589.62394
8912.866467,8,4591.206894
9297.55079,5,4592.607746
-8702.275721,95,4599.607362
8900.380625,8,4601.557568
-29502.217777,199,4614.890389
9098.152358,6,4616.24011
8493.792813,9,4617.92417
3900.783021,32,4621.640618
9498.810806,4,4623.0242
8500.442484,9,4624.607552
9297.290116,5,4626.158545
9000.912,7,4627.640149
9199.625914,6,4629.057696
9098.025485,6,4630.507747
9498.02338,4,4631.957015
9298.236065,5,4633.323515
8908.906947,8,4635.309391
3898.238917,32,4638.440564
8203.570701,14,4640.590347
9495.988133,4,4641.857558
9497.720952,4,4643.35769
6897.037549,18,4645.541224
10000.0,1,4646.689969
9300.41674,5,4648.057729
10000.0,1,4649.273695
-1775.083693,62,4654.107131
8299.574309,10,4655.806919
9100.000024,6,4657.223816
9099.127191,6,4658.757739
9097.976718,6,4660.207322
4197.119721,31,4663.307594
8696.622911,8,4664.790722
8498.239386,9,4666.341224
9498.314499,4,4667.656467
8682.516089,8,4669.190926
8299.999964,10,4670.990402
9297.679657,5,4672.323924
9298.254375,5,4673.656804
5698.923172,23,4676.207609
8699.181998,9,4677.857694
9413.582481,5,4679.190355
9003.271782,7,4681.108603
9097.539929,6,4682.473411
8694.179698,8,4683.957239
1896.493215,42,4688.159441
-8404.049474,94,4695.190624
4698.563318,28,4698.057158
9733.42219,4,4699.406945
5691.551952,23,4702.107791
9697.43789,3,4703.373071
10000.0,1,4704.558524
9100.104954,7,4706.107242
9600.304649,4,4707.539926
-1301.903973,58,4711.740449
8896.481822,7,4713.274325
10000.0,1,4714.539601
7614.622112,14,4716.474465
9699.079574,3,4717.790295
10000.0,1,4719.007175
8495.921229,9,4720.574257
7700.059675,13,4722.524747
9698.782376,3,4723.773194
8697.081719,8,4725.307993
8898.463474,7,4726.824201
8500.310473,9,4729.123875
9300.302051,5,4730.540508
10000.0,1,4731.740285
6602.040972,21,4733.907057
9097.64893,6,4735.340265
9096.054449,6,4736.806921
7611.717189,14,4738.79107
8297.270679,10,4740.524034
9298.171504,5,4741.87352
9497.791405,4,4743.173717
9298.463401,5,4744.708397
10000.0,1,4745.890744
9698.260863,3,4747.206697
9098.680699,6,4748.65673
4700.002971,28,4751.524635
7898.418286,12,4753.423659
10000.0,1,4754.589948
10000.0,1,4755.739771
8698.777845,8,4757.291075
9297.985047,5,4758.6401
10000.0,1,4759.87394
9498.01606,4,4761.17299
6097.760127,21,4763.557287
188.84911,51,4767.940706
8495.701674,9,4769.590667
8414.258344,10,4771.541353
9298.196313,5,4772.940701
-3501.666026,69,4777.641025
7696.819691,13,4779.558203
9097.548096,6,4780.957471
9498.323453,4,4782.323801
9698.311655,3,4783.606981
9412.601809,5,4784.957096
-2500.139668,64,4790.325119
9297.536678,5,4791.707533
9297.964065,5,4793.073102
6598.191024,19,4795.090443
5698.820403,24,4797.724094
-1205.092203,58,4803.174233
9297.68677,5,4804.556792
9293.251803,5,4805.957286
9298.708419,5,4807.290512
9298.713406,5,4808.790932
9499.582746,4,4810.12417
9498.347948,4,4811.543106
8697.967287,8,4813.207793
9497.028913,4,4814.490099
9698.000999,3,4815.807358
7398.395436,15,4818.023675
10000.0,1,4819.206223
8201.902934,11,4820.990041
9497.582115,4,4822.374259
9298.309836,5,4823.724
8899.999503,7,4825.257685
4098.301207,31,4828.874554
9697.578979,3,4830.257509
6698.715079,18,4832.992205
9499.918138,4,4834.340471
8498.247963,9,4836.007737
6298.333503,20,4838.057004
9296.843723,5,4839.473891
8300.001931,10,4841.090874
9298.491667,5,4842.439896
9699.587029,3,4843.706443
9498.85487,4,4845.023201
9499.162719,4,4846.4072
5497.997272,24,4848.957378
9497.98581,4,4850.256733
6697.932055,18,4852.574358
7697.809748,13,4854.440733
9498.20673,4,4855.724159
9699.84386,3,4856.989925
9298.407387,5,4858.424273
9298.658979,5,4859.873632
9297.997315,5,4861.206681
9289.475222,5,4862.556846
9098.231966,6,4864.023637
9298.583144,5,4865.390396
9700.876631,3,4866.623379
4009.564329,33,4869.440324
9299.947365,5,4870.790631
9297.023124,5,4872.191727
9298.162475,5,4873.573797
9100.00015,6,4875.006499
9697.970964,3,4876.272936
9500.241023,4,4877.55601
8412.901578,13,4879.82517
9100.152833,6,4881.307341
9296.727294,5,4882.707419
8197.148093,11,4884.424074
9300.255176,5,4885.823868
8898.267592,7,4887.32363
9498.365485,4,4888.63956
10000.0,1,4889.839728
7699.621207,13,4891.790342
9500.917942,4,4893.193079
9297.951589,5,4894.508703
8896.3712,7,4896.02387
8896.692392,7,4897.558524
9298.304653,5,4898.889884
9499.314849,4,4900.190219
9414.183496,5,4901.590081
9690.903462,3,4902.906483
9498.295114,4,4904.139804
9698.247516,3,4905.390549
8697.206163,8,4907.15748
9697.986842,3,4908.440194
8298.000747,10,4910.073566
7503.70233,14,4912.024225
9298.041271,5,4913.37356
-20100.379666,152,4927.757707
9498.631637,4,4929.057048
9099.493273,6,4930.523074
9298.593858,5,4931.873361
9099.346953,6,4933.339969
8898.333737,7,4934.857496
9214.873825,6,4936.34088
7898.090948,12,4938.141311
6097.657403,21,4940.690928
5497.962081,24,4943.840521
9299.095372,5,4945.591954
9499.694057,4,4946.923471
8499.495215,9,4948.506917
9698.335284,3,4949.824203
9497.596627,4,4951.191071
10000.0,1,4952.407114
8812.691251,8,4953.974712
-1908.080503,62,4960.441751
-3504.933196,69,4966.708584
9097.591837,6,4968.174729
9698.311586,3,4969.507037
9298.003945,5,4970.908079
9097.472319,6,4972.274809
9300.774824,5,4973.674575
7792.690017,13,4975.558753
9299.311555,5,4977.058096
9494.015285,4,4978.457712
6300.223383,20,4981.374353
9500.36886,4,4982.707496
9300.424612,5,4984.041363
9298.300205,5,4985.391594
8415.153436,10,4987.091804
9698.990198,3,4988.391473
9297.943062,5,4989.994394
9498.236363,4,4991.291328
9297.134661,5,4992.674863
8699.340356,8,4994.22462
9698.186082,3,4995.575594
8700.299864,8,4997.158964
9698.697984,3,4998.474237
8400.078616,10,5000.291923
8698.622451,8,5001.891885
9605.311754,4,5003.292111
-40000.0,200,5017.391886
9499.400488,4,5018.707988
9098.276829,6,5020.344007
-40000.0,200,5037.559232
8601.905837,9,5039.275888
9212.871838,6,5040.642004
6099.999965,21,5043.175826
9698.859736,3,5044.474699
-24112.335753,172,5057.060008
9299.019069,5,5058.643963
9500.901886,4,5059.991799
9697.70017,3,5061.275555
8698.379184,8,5062.842236
9497.974632,4,5064.192718
9497.895219,4,5065.577039
8096.339363,12,5067.392406
9698.781336,3,5068.6925
9500.629215,4,5070.025666
9300.198434,5,5071.359044
9696.952913,3,5072.642377
9299.69958,5,5074.026385
9298.015842,5,5075.394627
9301.313842,5,5076.826414
4699.874594,28,5080.159564
9300.47847,5,5081.492413
10000.0,1,5082.793265
10000.0,1,5083.92494
8996.806657,7,5085.425945
9500.772815,4,5086.759556
-20206.439369,153,5101.959757
9301.34311,5,5103.39396
7600.952795,14,5105.326641
8500.387028,9,5106.960242
9698.655,3,5108.160047
6398.768941,20,5110.509952
7495.395317,14,5112.976854
-26901.783333,186,5124.860156
9098.448752,6,5126.246122
9697.932688,3,5127.946251
9500.061483,4,5129.376836
9499.512487,4,5130.86109
9497.605019,4,5132.11185
10000.0,1,5133.310206
10000.0,1,5134.54364
8298.426691,10,5136.427588
9300.439316,5,5137.896489
9297.793862,5,5139.293856
8813.123937,8,5140.860059
9204.669514,6,5142.343449
9094.878115,6,5143.760145
8611.709754,9,5145.377368
9698.529071,3,5146.677254
9698.02406,3,5147.976611
8897.026536,7,5149.428167
10000.0,1,5150.812945
7682.230405,13,5152.727771
9098.248906,6,5154.12751
9698.374537,3,5155.427456
5296.639684,25,5158.36119
10000.0,1,5159.54424
9298.147745,5,5160.944328
9699.233155,3,5162.193489
8898.748518,7,5163.644548
8898.609952,7,5165.460831
7898.421938,12,5167.128013
9698.324897,3,5168.410708
8997.688755,7,5170.027825
8996.659975,7,5171.510486
9302.022937,5,5172.910915
8900.255624,7,5174.479844
10000.0,1,5175.662333
9297.913236,5,5177.079265
8598.219811,9,5178.694941
8696.89876,8,5180.34504
9299.346804,5,5181.727922
9612.574983,4,5183.110979
9100.915917,6,5184.644851
4698.757147,28,5187.745134
9497.31152,4,5189.144738
-15503.125284,129,5196.844755
9301.501247,5,5198.344517
9698.590336,3,5199.62801
4297.483603,30,5202.862412
10000.0,1,5204.026854
8688.159807,8,5205.628628
9500.864797,4,5206.978117
8898.692046,7,5208.646996
9297.768802,5,5209.978129
10000.0,1,5211.211262
9497.565306,4,5212.527562
8484.073032,9,5214.178132
7697.917918,13,5216.229571
9098.401327,6,5217.695111
8900.296169,7,5219.179026
9499.600793,4,5220.478368
9292.911351,5,5221.877847
9496.299936,4,5223.144093
9098.866644,6,5224.594412
9298.015874,5,5226.044822
8207.036929,11,5227.71198
9298.461403,5,5229.044937
9499.368045,4,5230.311789
9498.982005,4,5231.645204
9699.167496,3,5232.980091
9499.372804,4,5234.294502
9296.426375,5,5235.711692
9499.575516,4,5236.994046
9097.754683,6,5238.344182
8898.264038,7,5239.845126
6300.00045,20,5242.128124
9698.367759,3,5243.427735
3515.866771,35,5246.761826
9498.664238,4,5248.280204
9294.739179,5,5249.645044
9292.242811,5,5251.24467
4305.514588,34,5254.594639
9900.002414,2,5255.827153
7000.276085,17,5257.99505
9498.090797,4,5259.528853
9298.274435,5,5260.961573
9697.44361,3,5262.243903
9499.597821,4,5263.544339
7694.42053,14,5265.461732
-40000.0,200,5281.361573
5900.332867,23,5283.961674
-2302.595247,63,5289.545678
8499.691923,9,5291.19415
7996.838463,12,5293.145331
9098.17764,6,5294.577684
7898.420364,12,5296.528989
9612.919625,4,5297.877759
9413.237586,5,5299.22765
9097.814404,6,5300.67842
9297.286451,5,5301.994504
8913.593093,8,5303.545012
9697.8278,3,5304.944001
9297.613709,5,5306.377529
9098.177792,6,5307.945149
8597.112871,9,5309.595072
9298.220216,5,5310.960706
9298.042748,5,5312.311439
9494.031126,4,5313.611623
10000.0,1,5314.8439
-40000.0,200,5328.711238
-40000.0,200,5342.661604
9297.549092,5,5344.06153
9099.839,6,5345.478441
9100.000072,6,5346.877666
9499.235518,4,5348.160938
9698.35005,3,5349.461004
9497.59937,4,5350.896446
9298.585292,5,5352.294787
9698.34456,3,5353.594013
9493.826788,4,5355.778376
1699.302293,43,5359.311719
8892.160482,7,5361.161917
8298.349426,10,5362.879526
9097.831635,6,5364.277297
9097.468401,6,5365.712403
9099.309711,6,5367.227748
6098.552169,21,5370.312416
8713.445079,9,5371.961688
9498.338066,4,5373.327766
10000.0,1,5374.494558
-40000.0,200,5388.561227
-40000.0,200,5401.644621
9098.453302,6,5403.12816
9098.410632,6,5404.627575
9698.323135,3,5405.927599
9292.957206,5,5407.311385
9302.538942,5,5408.661005
-1303.985752,59,5415.061061
9299.781133,5,5416.46084
9497.880224,4,5417.778171
8799.927913,8,5419.310789
9299.524476,5,5420.694618
8698.488081,8,5422.244935
8311.197293,11,5423.944702
9208.321894,6,5425.411444
10000.0,1,5426.594308
9292.47234,5,5428.114228
-14200.954032,123,5436.212476
8091.133562,11,5437.995402
8294.872249,11,5439.779395
9095.6505,6,5441.261635
9697.593555,3,5442.661355
8600.936042,9,5444.295214
9299.868801,5,5445.611111
9297.669454,5,5446.961143
9298.083587,5,5448.311229
9498.010872,4,5449.610761
9211.988847,6,5451.010753
9295.667749,5,5452.4449
8899.979915,7,5454.013533
8818.787788,8,5455.644253
8118.83458,12,5457.411397
-39901.369466,200,5471.377845
8415.463618,10,5473.061171
9418.154714,5,5474.47777
9014.272519,7,5475.928123
8035.113123,13,5477.844337
9012.901305,7,5479.310878
7815.84408,13,5481.445671
3037.181405,38,5484.961785
9214.946771,6,5486.36148
9010.053152,7,5487.911201
9418.5969,5,5489.42747
9014.319056,7,5490.910906
8616.426721,9,5492.847197
8435.07821,11,5494.510843
9214.098042,6,5496.011323
8229.317272,15,5498.178863
8816.299311,8,5499.694612
8815.457287,8,5501.277632
8213.62669,11,5503.044715
9217.019603,6,5504.560886
8816.150035,8,5506.862187
9411.348907,5,5508.210535
9216.227642,6,5509.644739
5419.445026,26,5512.661943
8616.677583,9,5514.313323
8634.042298,10,5516.061034
9214.631585,6,5517.477767
9216.086881,6,5518.944812
6956.327595,20,5521.144387
9618.011148,4,5522.562142
9900.383604,2,5523.94637
9416.072016,5,5525.294105
7430.839932,16,5527.527565
9014.200579,7,5528.995115
-39780.036955,200,5541.712556
8813.199228,8,5543.244049
6000.146401,22,5545.644191
9015.733052,7,5547.11076
9017.604357,7,5548.59467
8813.469806,8,5550.177597
9217.349289,6,5551.678039
6013.97142,22,5554.778814
8214.007322,11,5556.528183
8420.290097,10,5558.261443
9415.152395,5,5559.56067
8020.327005,12,5561.327905
9214.729301,6,5562.7448
9421.638825,5,5564.161404
-20172.022074,154,5578.962042
9414.688645,5,5580.360613
9413.29905,5,5581.828208
7016.018921,17,5583.97771
9013.603465,7,5585.394274
7429.926491,16,5587.44504
9121.825896,7,5589.028428
8316.35949,11,5590.793944
7602.785824,14,5593.16291
9018.964562,7,5594.711588
9211.958157,6,5596.144145
9016.278241,8,5597.711709
2122.839643,45,5601.929075
2201.578844,47,5605.911747
8409.374954,10,5607.978494
-9862.246918,105,5614.994303
8815.420138,8,5616.510655
9214.79863,6,5617.927917
9216.358272,6,5619.428151
10000.0,1,5620.627129
8811.292936,8,5622.244043
9013.188494,7,5623.727937
9014.460706,7,5625.127006
8811.938928,8,5626.728041
7414.800947,15,5628.678198
9216.213741,6,5630.111403
9014.061385,7,5631.628029
7816.410903,13,5633.477415
8815.084342,8,5635.011842
4033.334116,33,5638.177938
9218.151577,6,5640.182762
9215.049069,6,5641.627478
6267.059463,24,5644.262437
8204.946131,11,5646.095068
9015.242901,7,5647.61164
10000.0,1,5648.944252
-10062.59355,104,5657.778412
8415.903797,10,5659.662301
9216.579221,6,5661.178397
9217.695652,6,5662.576889
5311.055845,28,5665.828526
9016.581464,7,5667.327637
8816.835985,8,5668.910947
9021.423173,7,5670.37807
9015.929405,7,5671.827255
9418.136528,5,5673.177459
9013.58561,7,5674.694785
8411.64643,10,5676.495105
9615.497976,4,5677.844293
9016.893135,7,5679.563729
8535.918599,12,5681.428464
8415.526643,10,5683.111112
9010.915219,7,5684.578067
9012.864375,7,5686.044226
8616.882012,9,5687.811257
8417.064547,10,5689.594676
9422.418136,5,5690.977152
10000.0,1,5692.110074
9412.834162,5,5693.477059
9216.542403,6,5695.129271
9020.45229,8,5696.577251
9114.521324,7,5698.078105
9216.153249,6,5699.511059
-1381.723787,59,5705.211566
8813.347428,8,5706.811934
9013.844389,7,5708.394536
9213.428204,6,5710.062949
9614.968582,4,5711.427802
9013.749974,7,5712.927455
9013.551595,7,5714.410831
8816.818673,8,5716.010549
9218.199032,6,5717.528109
9620.392766,4,5718.944408
7219.67137,16,5721.094938
9012.910436,7,5722.577149
9213.314957,6,5724.061206
9216.170436,6,5725.528074
9214.69214,6,5726.961187
9219.020642,6,5728.561356
4914.82224,29,5731.612009
6847.362918,20,5734.779172
9619.357582,4,5736.110476
9108.69815,7,5737.695233
9212.822002,6,5739.144152
8616.431982,9,5740.811407
8028.724909,13,5742.727825
8419.40067,10,5744.377692
9413.262728,5,5745.744196
8511.861638,10,5747.477186
8309.145762,11,5749.244807
9013.794256,7,5750.727855
8814.514604,8,5752.580018
9414.678025,5,5753.977607
8816.763036,8,5755.460404
8198.969731,11,5757.093975
9010.218878,7,5758.543888
3415.353648,35,5761.428014
8208.651628,11,5763.177141
8617.162417,9,5764.81121
8016.921899,12,5766.527502
9215.429002,6,5768.010434
9214.213979,6,5769.377415
9417.257121,5,5770.793775
7410.466604,15,5772.743819
8810.657778,8,5774.061288
7433.577189,16,5776.110741
9210.450875,6,5777.54435
7812.675347,14,5779.478044
9221.982286,6,5781.195456
9414.893911,5,5782.576999
9408.234344,5,5784.011159
9217.553708,6,5785.578557
9217.922608,6,5787.01056
8636.391871,10,5788.744051
9416.854072,5,5790.060616
6014.286688,22,5792.394482
8435.904994,11,5794.194679
8418.445377,10,5796.012011
9414.623824,5,5797.427592
9218.442759,6,5798.844393
9411.225501,5,5800.227442
8813.431379,8,5801.67763
9213.834214,6,5803.060373
1270.165816,51,5806.960667
6913.023485,18,5809.077504
-12359.658021,127,5818.128161
8817.04039,8,5819.827617
6460.759256,23,5822.712576
9217.808865,6,5824.211834
9415.124072,5,5825.577022
8519.206282,10,5827.310793
10000.0,1,5828.745164
7247.018011,18,5831.060752
9416.016301,5,5832.410411
9014.888853,7,5834.028127
9022.767951,7,5835.611124
8014.896232,12,5838.446773
7414.124243,15,5840.460765
8409.391689,10,5842.127222
7809.057131,13,5844.295757
9416.188048,5,5845.727621
1922.783597,45,5850.811812
9215.748781,6,5852.260481
9421.877318,5,5853.544016
9214.046825,6,5854.893638
5416.867604,26,5857.427597
5427.953537,26,5859.894391
9415.005119,5,5861.361198
7633.48778,15,5863.378091
7014.946538,17,5865.360256
9415.00081,5,5866.677001
7420.689922,15,5868.862429
9415.064471,5,5870.176967
9416.772192,5,5871.543811
8614.526123,9,5873.127295
7017.93749,17,5875.327713
8814.438909,8,5876.944885
-2288.341125,64,5881.445236
9016.126011,7,5882.843721
3967.622914,37,5886.36203
9016.900661,7,5887.911135
9006.077484,7,5889.394536
8033.060809,13,5891.24455
9215.474472,6,5892.77864
-6352.994607,90,5899.178492
8815.079422,8,5900.694376
9214.650517,6,5902.110767
8031.22705,13,5903.960656
8435.234171,11,5905.678067
9413.955942,5,5907.060902
9214.723182,6,5908.560576
9215.737959,6,5909.977636
8721.302719,9,5911.561106
9213.843779,6,5912.960938
8812.888285,8,5914.460658
9218.561454,6,5915.894442
8616.179717,9,5917.477786
8716.536575,9,5919.111022
9417.035907,5,5920.461087
8819.755077,8,5922.044537
9010.15229,7,5923.578006
8621.617506,9,5925.160352
9019.606417,7,5926.576874
5929.754307,24,5929.362152
9015.033498,7,5930.911202
8609.350843,9,5932.962631
8613.94293,9,5934.527202
9217.401359,6,5935.893872
9213.26515,6,5937.309909
8611.446712,9,5938.810456
8911.259754,8,5940.377464
9221.147083,6,5941.793771
7410.966098,16,5943.861841
8813.36118,8,5945.394593
7611.689554,15,5947.880218
5314.800258,26,5950.794473
9416.176255,5,5952.110106
7412.389901,16,5954.144959
8809.929635,8,5955.710171
8614.81523,9,5957.361322
9016.701861,7,5958.827338
3156.018949,39,5963.094894
9616.442147,4,5964.460877
9222.804448,6,5965.943944
9617.467264,4,5968.378211
9014.059517,7,5969.910217
9014.224703,7,5971.427463
9014.626405,7,5972.97781
6729.342519,20,5975.345226
8816.467056,8,5977.010221
9213.564112,6,5978.594008
9217.27639,6,5979.993897
8218.563083,11,5981.710305
8814.429686,8,5983.277224
8812.872048,8,5984.793847
6216.052682,21,5987.078442
7816.034568,13,5988.860523
9417.307385,5,5990.412351
9216.486443,6,5991.86108
9220.450511,6,5993.277501
7416.000154,16,5995.594869
7632.34431,17,5997.910486
9214.942525,6,5999.444376
8417.506374,10,6001.228548
9414.875941,5,6002.593514
9420.654166,5,6003.943673
2890.793129,42,6007.744058
9217.24364,6,6009.144281
5416.520332,25,6011.678326
7014.508586,17,6013.86108
8817.40555,8,6015.427455
8214.93953,11,6017.161465
205.781916,51,6021.694623
9218.208374,6,6023.128008
-22561.885308,166,6036.760756
9417.193955,5,6038.043703
8817.390673,8,6039.861833
9015.673207,7,6041.34361
9615.98375,4,6042.710097
8809.887399,8,6044.361434
7417.863851,15,6046.310531
6642.562897,21,6048.644579
8817.476132,8,6050.3104
7848.389653,15,6052.845284
9014.557589,7,6054.344173
9215.933907,6,6056.112324
9423.369457,5,6057.410397
7219.853811,16,6059.378017
10000.0,1,6060.543297
6117.058957,22,6063.027894
9414.97172,5,6064.444377
9013.666922,7,6066.111457
9216.947344,6,6067.577015
8814.108557,8,6069.11069
8234.802274,12,6071.495811
8512.111077,10,6073.060557
8416.439219,10,6074.727388
8025.950916,14,6076.794636
9415.216898,5,6078.227741
9214.127276,6,6079.91057
9212.910723,7,6081.44458
9014.57586,7,6083.011243
8610.248299,9,6084.728016
9417.161775,5,6086.009998
4614.470789,30,6089.061204
4442.509792,31,6091.793952
8522.43625,10,6093.594565
7521.780547,15,6095.544461
9612.832399,4,6096.994361
9218.154563,6,6098.410339
9115.98146,8,6100.09434
9215.421346,6,6101.628055
9014.134558,7,6103.060461
9012.511226,7,6104.544511
8815.459627,8,6106.027205
9216.708675,6,6107.39355
5264.727344,29,6110.644861
7418.968357,15,6112.810966
9216.607058,6,6114.427154
9217.271211,6,6115.827334
9419.128137,5,6117.24344
9214.522436,6,6118.744842
2656.150469,43,6122.043932
9420.81912,5,6123.410424
9218.840434,6,6124.810611
9017.92197,7,6126.327721
9216.193148,6,6127.727582
6648.862766,22,6130.077845
8816.289962,8,6131.644235
8811.81922,8,6133.193457
8820.452333,8,6134.994093
9217.466757,6,6136.41094
8614.056986,9,6138.043921
8815.15892,8,6139.493457
7614.983829,14,6141.511091
9213.338293,6,6143.027877
-8166.314223,94,6150.227035
8635.443029,10,6151.860695
9216.242956,6,6153.310217
8811.510812,8,6154.86115
9122.455441,7,6156.394464
8815.882528,8,6158.094724
9215.406092,6,6159.527538
8914.199019,10,6161.176653
6812.513929,18,6163.360877
9217.386642,6,6164.74338
-39271.118071,200,6176.143786
9015.824243,7,6177.62698
9014.054731,7,6179.026953
9012.189972,7,6180.510676
8614.897774,9,6182.279127
8817.512522,8,6183.828233
9214.543649,6,6185.595681
9016.681181,7,6187.044044
9014.102173,7,6188.511042
8816.410402,8,6190.061113
9019.785717,7,6191.661553
8511.831968,10,6193.294485
9214.924684,6,6194.861083
9213.021265,6,6196.26027
10000.0,1,6197.661241
9616.949101,4,6198.993252
5878.17939,26,6201.660467
9417.917268,5,6203.044032
7929.563112,14,6205.044382
5834.951987,24,6207.327092
8514.904289,10,6208.994145
10000.0,1,6210.144124
8898.285365,8,6211.776958
9214.025681,6,6213.193494
8422.532953,11,6214.843836
9215.466277,6,6216.260256
7019.260383,17,6218.510581
8015.316248,12,6220.377937
9216.807275,6,6221.844146
5614.92775,24,6224.210627
6540.807053,22,6226.477122
9007.926414,7,6227.960875
9211.821098,6,6229.410532
9216.663919,6,6230.894387
9017.48438,7,6232.444923
9421.723438,5,6233.927713
9416.073638,5,6235.47957
9417.967514,5,6236.89428
8217.017939,11,6238.694781
4434.120039,31,6242.460824
8512.759936,10,6244.127582
7017.048597,17,6246.178254
7838.935757,14,6248.027383
8415.926648,10,6249.711048
9416.97716,5,6251.043674
9217.166012,6,6252.494267
6931.437412,19,6254.677766
8814.07446,8,6256.278471
9218.018532,6,6257.694197
9414.236041,5,6259.077852
9615.668381,4,6260.410632
8816.815875,8,6262.027804
9620.965684,4,6263.579469
9216.779202,6,6265.04424
-12184.965809,113,6272.510441
8118.691769,12,6274.177085
9012.776569,7,6275.627793
9507.030581,5,6277.160961
9215.208039,6,6278.577696
8815.223451,8,6280.02741
8016.035181,12,6281.895177
8805.858736,8,6283.494524
6333.434899,23,6286.094875
9417.261175,5,6287.460979
9417.848839,5,6288.826987
1522.360919,52,6296.647244
8812.657297,8,6298.294298
9012.557274,7,6299.89361
9215.195982,6,6301.444141
9416.703337,5,6302.860931
8822.34271,8,6304.562391
9416.579274,5,6305.976829
9016.443481,7,6307.493948
9019.763001,7,6309.144902
10000.0,1,6310.511873
-6547.13068,95,6317.694342
8617.188885,9,6319.412298
7516.025013,15,6321.543841
9413.577878,5,6322.893585
10000.0,1,6324.05994
7518.962551,16,6326.227377
6410.234293,22,6328.927774
9418.29309,5,6330.260036
9016.419522,7,6331.710918
9217.433876,6,6333.177376
6219.420535,23,6335.694546
8839.539096,9,6337.410814
7859.860011,15,6339.778832
2743.392714,40,6344.011491
6617.032195,19,6346.027163
9015.852275,7,6347.476729
9220.151877,6,6348.910871
9414.573475,5,6350.310925
9216.90648,6,6351.827
7928.804475,14,6353.894922
9617.031292,4,6355.260828
8611.781635,9,6356.860183
9214.241939,6,6358.293898
4813.881036,28,6361.027086
9215.066037,6,6362.477392
9216.963288,6,6363.944227
1211.96242,48,6367.927096
8919.277154,8,6369.49414
9015.238172,7,6370.977157
9213.915784,6,6372.427197
8617.129314,9,6374.177113
8817.571824,8,6375.996036
9217.381622,6,6377.394074
9415.260326,5,6378.794375
9020.844873,7,6380.260756
9413.87228,5,6381.643377
8413.858824,10,6383.443752
6157.067278,24,6386.127559
9217.306343,6,6387.576751
9214.582608,6,6389.027532
-188.270085,53,6395.461886
8822.593717,8,6397.07758
9213.62354,6,6398.544363
8828.470276,9,6400.127269
9615.507101,4,6401.543975
9215.861128,6,6403.011031
8814.266606,8,6404.628011
9219.179457,6,6406.010224
8642.993081,10,6407.778087
8814.306321,8,6409.293374
8619.606965,9,6410.844246
9612.198158,4,6412.210575
9019.426476,7,6413.659962
9015.93427,7,6415.193926
8615.220624,9,6416.793978
10000.0,1,6418.747288
9414.104432,5,6420.127468
8620.691465,9,6421.793981
8819.461003,8,6423.562001
9523.989966,5,6424.943511
-1342.638459,69,6431.89466
9215.968393,6,6433.326772
9218.224371,6,6434.726712
8712.912972,9,6436.360977
10000.0,1,6437.49319
8814.710053,8,6439.377482
9416.861934,5,6440.844305
8813.870068,8,6442.528317
9215.883708,6,6443.976965
8815.091841,8,6445.527537
9213.986626,6,6446.976626
7815.751998,13,6448.994561
6417.134436,34,6453.02795
8819.702833,8,6454.443422
9018.270615,7,6455.944287
8416.19198,10,6457.493518
7214.422226,16,6459.594952
9419.948361,5,6460.927575
8816.514003,8,6462.443765
8618.293205,9,6464.044102
9022.023086,7,6465.510869
9112.121965,8,6467.41314
9215.456124,6,6468.843405
9613.870675,4,6470.176775
4816.025599,29,6473.211161
8619.260013,9,6474.710629
9018.826821,7,6476.261222
7530.124837,16,6478.31124
7815.181239,13,6480.293572
9016.489609,7,6481.76002
9016.754003,7,6483.177067
9219.171136,6,6484.710391
10000.0,1,6486.011273
7419.57821,15,6488.027209
6614.295685,19,6489.99361
7609.819368,14,6491.87772
9219.713121,6,6493.293253
8421.177755,10,6495.027067
9616.712357,4,6496.360426
8614.672695,9,6497.977106
9416.108325,5,6499.477825
8916.033706,8,6501.111683
8816.361355,8,6502.661195
8038.443844,13,6504.511235
9017.101922,7,6505.977823
7413.188091,15,6507.960961
7616.739422,14,6509.911023
8719.662077,9,6511.578332
5512.025361,34,6515.694866
9221.026042,6,6517.144458
8613.01679,9,6518.878161
9217.410603,6,6520.294348
9416.657849,5,6521.626833
9216.455575,6,6523.11018
9017.202052,7,6525.011889
9612.334571,4,6526.394277
8621.982906,10,6528.110537
9016.699449,7,6529.527272
7031.381719,18,6531.510268
9013.316055,7,6532.9774
8015.740914,12,6534.877635
9219.456782,6,6536.277079
9218.297528,6,6537.709976
8130.452944,13,6539.661073
8815.938229,8,6541.277096
9016.69818,7,6542.844132
8816.553681,8,6544.360693
7920.626168,13,6546.26025
8014.868416,12,6548.011339
9216.665868,6,6549.493719
6421.146858,20,6552.462552
9300.290836,5,6553.827234
7699.654383,14,6555.844365
8416.240174,10,6557.66037
9414.920822,5,6559.110073
9218.010263,6,6560.5433
9216.794854,6,6561.976758
9122.514016,7,6563.510619
9013.796248,7,6565.162234
8623.459679,9,6566.777704
9417.980565,5,6568.395816
8805.313148,8,6569.893456
8815.0788,8,6571.376758
9622.341873,4,6572.911368
8615.513184,9,6574.51058
9417.745586,5,6575.97735
8515.177689,10,6577.760904
8816.778848,8,6579.226514
8216.769032,11,6580.843401
7057.697721,19,6583.42837
8915.230484,8,6585.195
9217.36834,6,6586.676759
8920.860045,8,6588.193688
8818.583029,8,6589.710237
9014.665877,7,6591.193386
8822.708169,8,6592.710128
9221.501962,6,6594.211036
9218.378835,6,6595.693424
8620.669665,9,6597.360029
8233.4879,12,6599.377952
9216.953087,6,6600.776596
8819.482892,8,6602.293891
9015.492373,7,6603.660275
6613.583974,19,6605.927731
8612.19702,9,6607.593856
9213.79492,6,6609.044274
-28769.39509,197,6632.16147
9214.584413,6,6633.593245
6413.954734,20,6635.994557
7814.064241,13,6638.629077
7010.25525,17,6640.943747
9216.564903,6,6642.35994
8616.235531,9,6643.943321
9010.120699,7,6645.427533
9014.001307,7,6646.94383
9218.304005,6,6648.427175
8417.758603,10,6649.993762
5913.829936,23,6652.594386
9214.658158,6,6653.877199
9218.901404,6,6655.344132
6914.756149,18,6657.493627
9013.37215,7,6658.994237
9013.691319,7,6660.426844
-174.194581,57,6665.177086
7803.726881,13,6667.010897
9216.918027,6,6668.477285
9423.619176,5,6669.894008
9224.203049,6,6671.327536
9016.106154,7,6672.843448
9613.057525,4,6674.193414
9417.78815,5,6675.862516
4832.202392,29,6678.660887
8228.264821,12,6680.695637
9018.511711,7,6682.194252
9416.961147,5,6683.543414
7724.303865,15,6685.711119
7914.965456,13,6687.543585
8813.207216,8,6689.093921
9623.066561,4,6690.461169
8234.74516,12,6692.277524
9415.834056,5,6693.660709
9214.403623,6,6695.059939
9215.179266,6,6696.493603
9015.071686,7,6697.960275
8615.45459,9,6699.577476
5406.542349,26,6702.227679
8414.061066,10,6703.96096
9211.051402,6,6705.410798
8814.324552,8,6707.044443
9213.784086,6,6708.527315
8615.621104,9,6710.110523
7027.300704,18,6712.227659
7317.576454,16,6714.227488
9216.21294,6,6715.659981
7222.983399,16,6717.660657
9012.371869,7,6719.127406
46.895214,55,6724.194032
9212.79268,6,6725.526832
6034.807357,24,6728.110979
9213.859867,6,6729.576704
8614.891201,9,6731.177452
8017.809974,12,6733.144459
9213.207569,6,6734.593805
9315.909914,6,6736.027112
9417.472417,5,6737.393517
9014.456566,7,6738.860847
8818.458091,8,6740.44452
9212.268722,6,6741.943834
8821.403205,9,6743.460548
9418.122915,5,6744.860631
8615.805447,9,6746.49359
6318.031933,22,6748.960376
9014.610174,7,6750.460655
7207.575867,16,6752.544182
9015.857027,7,6755.014879
9220.324592,6,6756.610945
6415.134573,20,6759.027039
8619.57144,9,6760.610704
9219.413939,6,6762.061193
8821.687735,9,6763.62681
9013.955451,7,6765.194766
-40000.0,200,6776.94343
9215.828698,6,6778.310119
8815.206626,8,6779.844115
9010.948641,7,6781.427979
8818.733164,8,6783.044012
9614.862094,4,6784.343055
9017.690989,7,6785.927751
7831.041302,14,6787.91068
9014.633703,7,6789.359886
9415.06518,5,6790.760806
8030.594728,13,6792.677889
9019.391228,7,6794.243375
9013.184146,7,6795.743847
7457.346999,17,6797.843606
9622.012236,4,6799.698003
9215.033792,6,6801.076985
-4098.52503,81,6807.127689
8513.554721,10,6808.877258
9425.606644,6,6810.427967
8414.380641,10,6812.144359
9298.295636,5,6813.460698
9418.923297,5,6814.859774
6013.187076,22,6817.093507
8237.736178,12,6818.894206
9416.21925,5,6820.226663
8834.677591,9,6821.89397
9018.206518,7,6823.494497
7716.139006,14,6825.460688
7720.61078,15,6827.57782
2207.411309,41,6831.778045
4739.018271,30,6834.843346
8442.357947,12,6836.643583
9215.959242,6,6837.993363
9216.24487,6,6839.427471
8815.144366,8,6841.111613
8814.58418,8,6842.576619
8614.07687,9,6844.226754
8413.465571,10,6845.944275
9214.416481,6,6847.527169
9416.365719,5,6848.826841
8817.23336,8,6850.360105
9414.175168,5,6851.726714
8206.107116,11,6853.494714
5425.57906,26,6856.477949
8816.032786,8,6858.060581
9208.762198,6,6859.526814
9217.897323,6,6861.144545
8818.481955,10,6862.843329
8614.576933,9,6864.41027
4537.622396,31,6867.67799
9414.468389,5,6869.076427
9415.857762,5,6870.593179
8815.854522,8,6872.177054
2183.342208,48,6876.110292
8816.023372,8,6877.69391
9015.658772,7,6879.227944
9417.516025,5,6880.593745
9522.550421,5,6882.027258
8815.640205,8,6883.795431
8608.857735,9,6885.528116
8814.791837,10,6887.764421
9214.116641,6,6889.244542
8031.957531,13,6891.094466
7033.782324,18,6893.244088
10000.0,1,6894.493559
8814.185432,8,6896.630295
9013.8289,7,6898.143991
9217.712516,6,6899.542978
8126.279061,13,6901.360054
9214.781209,6,6902.726974
9008.519364,7,6904.4273
6815.600866,18,6906.610525
9012.250543,7,6908.07674
9013.825603,7,6909.659856
9413.38875,5,6911.009908
5434.961996,27,6914.011257
7629.506498,15,6915.943278
8913.947571,8,6917.561007
9414.969977,5,6918.960475
8820.178195,9,6920.543688
9415.753139,5,6921.977174
9413.774529,5,6923.292961
6449.095183,23,6925.727606
9016.291875,7,6927.110809
8634.915018,10,6928.911618
8315.180365,11,6930.627267
8318.412773,11,6932.394234
9620.678874,4,6933.743758
8219.047031,11,6935.276682
5431.982235,26,6937.760756
3014.516469,37,6940.977004
9016.01155,7,6942.427482
9217.42639,6,6943.894097
9218.768535,6,6945.511091
8815.479966,8,6947.110787
9419.786341,5,6948.559835
9211.521271,6,6949.943188
8819.93081,8,6951.527153
8409.894472,10,6953.110114
6455.043391,23,6955.743489
9019.483138,7,6957.244099
9208.233697,6,6958.726469
9419.283492,5,6960.227761
9214.563676,6,6961.811599
8011.458812,12,6963.710974
7323.189068,18,6966.610304
8815.082692,8,6968.227418
9016.052431,7,6969.760689
9414.207488,5,6971.043105
7814.719538,13,6972.976997
9614.087761,4,6974.376766
7058.290997,19,6977.210642
9115.305278,7,6978.878299
8608.275287,9,6980.544526
8314.81605,14,6982.59329
9617.79629,4,6983.893069
9015.190912,7,6985.293777
8819.440925,8,6986.843298
8516.199834,10,6988.493847
8815.875019,8,6990.04337
9221.998289,6,6991.459765
9419.27997,5,6992.843789
10000.0,1,6994.026631
6834.436465,19,6996.544313
9615.349341,4,6997.960744
9218.37267,6,6999.410569
9612.191587,4,7000.676322
5277.626223,29,7003.527556
7732.416167,15,7005.610624
7221.65265,17,7007.610156
8812.479556,8,7009.177332
8614.006462,9,7010.743891
8813.847294,8,7012.293958
8613.772651,9,7014.028079
2216.718259,41,7017.627513
5444.988008,29,7020.543651
8813.595994,8,7022.060456
9416.675072,5,7023.54438
9424.179027,5,7024.926597
9417.504039,5,7026.310633
9017.327135,7,7027.843215
9416.34,5,7029.243143
8414.450622,10,7030.943501
3123.822742,39,7034.54386
9013.596208,7,7036.010409
9410.837258,5,7037.42676
9412.984286,5,7038.776508
8616.134945,9,7040.426915
9207.214722,6,7041.893859
10000.0,1,7043.059878
8912.750668,8,7044.609667
614.033156,49,7048.74355
7012.341498,18,7050.926975
9014.422915,7,7052.37613
9414.71974,5,7053.826828
9214.606761,6,7055.310476
8010.305271,12,7057.05966
9616.563521,4,7058.343293
8812.543004,8,7059.91075
8426.175538,11,7061.911264
9013.558937,7,7063.460278
3694.624369,39,7067.327961
9420.143411,5,7068.743301
8415.690054,10,7070.343195
9324.556499,6,7071.793705
9014.624036,7,7073.310176
8020.128455,12,7075.161049
9206.679414,6,7076.593093
9616.950453,4,7077.876728
6639.64856,20,7080.094203
9116.906156,7,7081.862072
7816.265024,13,7083.726917
8316.465202,12,7085.678465
7133.350881,19,7087.877174
2613.837738,39,7090.943361
8217.330687,11,7093.093688
9417.551345,5,7094.493537
10000.0,1,7095.659942
9013.797939,7,7097.110032
9217.579504,6,7098.476706
8340.906109,12,7100.394153
9414.953611,5,7101.81058
8013.083421,13,7103.677532
9016.513425,7,7105.34473
9617.458708,4,7106.626336
9217.061691,6,7108.093858
9223.12028,6,7109.510568
8815.04463,8,7111.110497
6634.174913,20,7113.594091
7512.173264,15,7115.626563
9018.600995,7,7117.228027
8419.081887,10,7119.01094
8012.374492,13,7120.960625
9215.389796,6,7122.359701
9218.435975,6,7123.743309
8035.178526,13,7125.576569
9417.479078,5,7127.061371
9217.482069,6,7128.676983
9119.53308,7,7130.277719
8615.600413,9,7131.826383
8618.714337,9,7133.494701
8907.641542,8,7135.010411
8615.783313,9,7136.64393
9414.16536,5,7138.077252
9016.491611,7,7139.543052
9417.37335,5,7140.876431
9615.124163,4,7142.143037
9012.961756,7,7143.762639
8516.048991,10,7145.460982
9614.092324,4,7146.793294
9414.789315,5,7148.277047
7414.605099,15,7150.177256
-39589.813283,200,7166.793958
-16184.477701,133,7176.727954
10000.0,1,7177.926052
4706.597054,29,7180.993787
8711.441506,9,7182.593239
8415.877542,10,7184.209677
9314.496868,6,7185.677223
9413.144245,5,7187.009474
5899.002302,24,7189.660918
8720.462676,9,7191.326781
8516.082089,10,7193.495046
9011.443642,7,7194.909998
8617.023906,9,7196.577592
9212.440596,6,7197.959613
9222.847202,6,7199.309577
4813.790057,28,7201.960031
6014.796866,25,7204.510645
9215.914131,6,7205.910505
9308.974687,6,7207.393878
9014.983938,7,7208.842816
4183.627388,37,7212.160573
7912.540757,14,7214.161148
9211.07795,6,7215.777059
9415.110309,5,7217.209873
9621.242798,4,7218.576815
9216.227487,6,7220.295949
9214.002073,6,7221.659945
9015.500751,7,7223.445846
9416.224222,5,7224.89414
9414.27232,5,7226.276087
9415.545276,5,7227.677503
8417.993197,10,7229.343436
9309.768727,6,7230.977376
9012.647995,7,7232.426912
9414.596546,6,7234.077861
8218.830023,11,7235.91114
8719.987803,10,7237.509655
9212.146319,6,7239.077654
9114.04469,8,7240.794285
9418.119259,5,7242.395543
9416.200539,5,7243.760365
9215.57829,6,7245.344457
9015.081142,7,7246.826931
7210.535418,17,7248.926508
8817.52408,8,7250.426542
8818.852555,8,7251.960099
-573.546586,56,7256.694039
9212.718444,6,7258.126386
7617.431542,14,7259.993224
8515.493144,10,7261.660573
7634.505153,15,7263.759812
9412.909966,5,7265.159697
7034.284926,18,7267.260781
6416.289935,20,7269.810365
10000.0,1,7270.959183
9120.695535,7,7272.527844
2612.809639,39,7276.677691
8815.981148,8,7278.310926
8013.646906,12,7280.160773
9222.784013,6,7281.74404
9415.236561,5,7283.076823
8818.228023,8,7284.576791
9615.979439,4,7285.993525
8016.216202,13,7288.043942
9416.806573,5,7289.544616
9621.231204,4,7290.842712
7310.878435,17,7293.043195
8036.369983,13,7295.261212
9212.209149,6,7297.028977
9215.118374,6,7298.527485
9222.757371,6,7299.909576
8711.881735,9,7301.47733
9013.645743,7,7303.10985
9212.77079,6,7304.593681
9620.699661,4,7305.859293
8815.310202,8,7307.359809
9216.930668,6,7308.792939
10000.0,1,7309.959746
8620.271448,9,7311.527125
9012.759277,7,7313.026938
10000.0,1,7314.193421
6045.27613,26,7317.277239
9013.634711,7,7318.909916
9320.503565,6,7320.460951
8814.524836,8,7321.9431
9013.894817,7,7323.376284
-12198.704508,113,7335.578854
9415.129433,5,7337.009703
-40000.0,200,7348.69348
8031.368181,13,7350.559526
9415.974595,5,7351.960198
9013.124345,7,7353.4438
7613.914929,14,7355.409791
10000.0,1,7356.593015
9415.727794,5,7357.926059
9615.921195,4,7359.276315
9215.480912,6,7360.676417
9213.863757,6,7362.211572
9215.7981,6,7363.859907
9211.086434,6,7365.259263
8611.459192,9,7366.877215
9413.201664,5,7368.226072
8818.435649,8,7369.794116
9419.044058,5,7371.0261
9416.616812,5,7372.460572
9416.305182,5,7373.943543
9414.197501,5,7375.343572
9217.595594,6,7376.809716
-1271.727238,64,7382.29387
8806.918869,8,7383.793734
9016.99902,7,7385.259845
6222.739717,24,7388.260362
6715.906279,19,7390.560137
9615.113592,4,7391.943358
8036.625173,13,7393.810679
9413.471286,5,7395.176781
9217.300613,6,7396.67661
8821.904782,9,7398.527684
-14460.189089,130,7411.477365
6421.074668,21,7414.143074
9031.557297,8,7415.810598
-1232.807233,61,7421.526978
9016.884146,8,7423.226418
7309.354258,16,7425.544186
8529.281672,10,7427.243026
5728.354416,25,7429.960132
3676.801774,48,7434.760919
9016.696033,9,7436.55998
-7536.077001,95,7444.610319
9333.922927,6,7446.427241
8930.871491,8,7448.110645
8335.049528,11,7449.926398
8615.16627,9,7451.928303
8626.540052,10,7453.710326
9030.874777,8,7455.493465
8921.057303,8,7457.260884
8732.840871,9,7459.010701
7550.252199,16,7461.193988
8934.566909,8,7462.876711
8722.79634,9,7464.459755
8830.080835,9,7467.095683
8919.657859,8,7469.061445
8816.45738,8,7470.710415
8136.252601,16,7473.527432
8930.001531,8,7475.460831
9333.852737,6,7476.976133
5837.301301,25,7479.510037
8729.310364,10,7481.260191
9334.225924,6,7482.860494
9333.33078,6,7484.392756
9533.058069,5,7486.211548
8815.728977,9,7487.959823
6746.391894,20,7491.045154
6746.33738,20,7493.393143
8832.779989,9,7495.143773
8932.463046,8,7496.911188
8330.426146,11,7498.861295
9418.317214,5,7500.359994
8931.545816,8,7503.078603
8214.763506,11,7504.893848
7833.47306,14,7506.876403
8529.850366,10,7508.543751
-38171.648718,200,7523.943013
8930.699526,8,7525.492893
9418.191792,5,7526.943123
8347.324227,12,7528.90975
8816.416782,8,7530.509585
8227.798827,12,7532.611483
8529.19408,11,7534.611447
8933.299161,8,7536.292931
8534.031193,11,7538.227428
9134.167838,7,7539.742918
9323.484631,6,7541.360171
8220.37522,11,7543.159624
9423.559586,5,7544.676025
7937.345683,14,7546.810618
9324.950458,6,7548.693883
9018.786698,7,7550.610706
8455.401802,13,7552.811806
9217.116057,6,7554.2601
9116.344201,7,7556.327978
6505.66912,24,7560.295698
8533.114562,10,7562.060749
9131.314778,7,7563.643404
9132.845267,7,7565.327385
9018.128834,7,7566.910498
9419.315762,5,7568.359972
4069.444191,35,7571.910321
-16177.496026,134,7587.659402
6134.821537,22,7590.126247
9422.636388,5,7591.54258
9221.113475,6,7593.110413
6275.400047,24,7595.943478
6366.11989,23,7598.794323
8533.786073,11,7600.543168
9217.953092,6,7602.160219
8417.626204,10,7603.944289
4954.405345,31,7607.09312
8933.488976,8,7608.676219
8617.866695,9,7610.510625
9130.86116,7,7612.075911
9333.539927,6,7613.576679
9415.325268,5,7615.009526
7330.692365,16,7617.093845
9129.95107,7,7618.643355
8933.61104,8,7620.409847
9331.136782,6,7621.992638
6422.718955,22,7624.827729
4859.336978,31,7628.093143
9124.546213,7,7629.709751
9217.250786,6,7631.527844
8531.007096,10,7633.226021
8021.732711,12,7635.160571
9123.54479,7,7636.876606
9416.46562,5,7638.409315
8730.672309,9,7640.443158
7931.400668,14,7642.727918
8735.146375,9,7644.44273
8820.590279,8,7646.159377
9534.423215,5,7647.642492
8630.406269,10,7649.409314
9215.032803,6,7651.143606
7082.094397,21,7653.660394
8734.679667,9,7655.777715
9015.514851,7,7657.325984
2906.825612,43,7661.32642
9019.426683,7,7662.943789
8928.224463,8,7664.809628
9127.733888,7,7666.376103
9214.82798,6,7667.876312
8516.589903,11,7669.643329
9333.034184,6,7671.21004
8928.866363,8,7673.228885
8731.203976,9,7674.943331
4487.954531,33,7677.892881
8926.918373,8,7679.509576
8331.735816,11,7681.392824
8817.875296,8,7683.009343
8228.795459,12,7685.278577
9331.738673,6,7686.87609
8932.79048,8,7688.527037
9621.333523,4,7689.925524
4363.232917,34,7692.826186
8627.532643,10,7694.643951
9129.983138,7,7696.393875
9016.517323,7,7697.892679
9531.565996,5,7699.326026
9132.610337,7,7700.876013
7546.381266,16,7703.376334
9131.974551,7,7705.076998
8540.077089,11,7707.177248
9222.435463,7,7708.827299
9219.587358,6,7710.325758
8314.926826,11,7712.243663
9331.328012,6,7713.776137
8535.53012,11,7715.859986
8146.025697,13,7718.060788
9330.623921,6,7719.777454
9215.733068,6,7721.326803
8923.690445,8,7723.12794
9416.054083,5,7724.809793
5770.467095,28,7727.809722
9215.926476,6,7729.376654
7722.993079,14,7731.427356
9124.049538,7,7733.077507
9335.014612,6,7734.793818
8817.31446,8,7736.37606
9415.722697,5,7737.893159
9219.232601,6,7739.459183
7960.26511,15,7743.113067
9117.351701,7,7744.760245
-7182.699618,89,7752.443631
8321.257308,11,7754.42743
9136.362688,7,7756.059988
9132.533435,7,7757.726894
8135.904604,13,7759.759606
6822.715317,18,7761.826189
8526.874307,10,7763.709839
9016.537686,7,7765.3263
8632.543445,10,7767.193401
9015.08549,7,7768.909781
9328.292969,6,7770.392836
8931.581731,8,7772.059646
8933.28249,8,7773.793301
4847.543768,30,7776.976514
9018.204268,7,7778.542414
9032.023366,8,7780.226433
6552.84945,22,7782.910934
8936.032682,8,7784.60941
8532.484132,10,7786.560487
8930.986265,8,7788.444408
9333.618502,6,7790.010258
9219.67692,6,7791.994834
8730.922535,9,7793.793737
9028.271402,8,7795.376649
8734.146371,9,7797.143597
8416.443492,10,7798.992633
8919.668369,8,7800.710091
6431.68018,21,7803.076109
6619.700196,19,7805.644275
8531.444643,10,7807.443847
8933.803833,8,7809.042849
5448.482347,27,7811.960502
6524.910878,20,7814.425682
6619.907391,21,7817.010238
8616.747703,9,7818.726474
8031.251345,13,7820.760023
9333.554308,6,7822.393343
9018.365008,7,7824.227948
9020.625576,7,7825.809285
8815.982877,8,7827.377136
8418.612639,10,7829.310098
6329.673234,21,7833.209599
3258.680303,38,7836.693413
9531.578566,5,7838.192323
4744.746727,31,7841.509483
6708.68082,23,7844.460885
8726.915575,9,7846.427588
8819.380589,8,7848.226358
8720.400273,10,7850.027193
9214.499234,6,7851.559768
7338.857204,18,7853.876232
8931.914127,8,7855.710074
9126.749506,7,7857.292691
9330.565454,6,7858.759341
8017.395032,12,7861.312632
8729.127472,9,7863.127043
8342.714064,13,7865.142878
8819.292411,10,7867.126609
7945.157559,14,7869.260425
8146.756158,13,7871.276267
-4026.119631,77,7877.960352
7517.737503,15,7880.327915
9014.296787,7,7881.909849
9215.45211,6,7883.644059
9219.904299,6,7885.193603
9018.520946,7,7886.977486
8323.980938,14,7888.97646
8929.767791,8,7890.559799
8932.476565,8,7892.612104
8438.791134,11,7894.560118
8935.666809,8,7896.593093
8935.551129,8,7898.360438
-2677.342343,66,7903.727093
8627.779907,10,7905.526798
7326.578948,16,7907.842929
8624.087335,9,7909.644549
8527.894632,10,7911.61045
8115.563273,12,7913.409981
9419.288361,5,7914.859262
6787.281083,22,7917.794207
9131.281597,7,7919.360083
9617.372148,4,7920.742316
7009.032386,17,7923.477185
9332.564127,6,7924.925927
9132.775331,7,7926.625956
8133.443789,12,7929.361964
9014.498428,7,7930.993123
9416.809408,5,7932.492473
9217.340077,6,7934.025685
4862.088026,36,7937.560254
-20858.491043,158,7956.813076
9217.073348,6,7958.359215
8810.573999,8,7960.076665
8334.124633,12,7961.892552
8818.7616,9,7963.543027
8233.872928,12,7965.944476
9220.850114,6,7967.476215
7940.518061,15,7969.659037
8616.811824,9,7971.259524
8619.844189,9,7973.244583
8213.895897,11,7975.176323
9218.968136,6,7976.760198
9215.582899,6,7978.242548
7711.805715,14,7981.01113
8147.96012,13,7983.092841
9126.044667,7,7984.592465
8532.07464,10,7986.526882
8818.673207,8,7988.126892
9327.453948,6,7989.742777
9418.91653,5,7991.209008
8751.663958,10,7993.143749
8421.312025,10,7994.875808
9330.815122,6,7996.526679
9334.135956,6,7998.042839
9417.499865,5,7999.458936
8728.326765,9,8001.477016
6939.971157,20,8004.026953
9327.647788,6,8005.709546
8446.327583,12,8008.045253
5725.749661,24,8010.526813
9130.003178,7,8012.12583
7523.536713,17,8014.426111
5625.321025,38,8018.560227
8324.637262,11,8020.677267
9621.954824,4,8022.076369
8925.631549,8,8023.894189
9129.175075,7,8025.542375
9334.461127,6,8027.092952
8347.040926,12,8029.042346
9130.612985,7,8030.90957
9214.622149,6,8032.526316
8624.2109,9,8034.19322
8614.684276,9,8036.093612
8132.606696,13,8038.527936
9218.520251,6,8040.009138
7839.48164,15,8042.142972
8613.498302,9,8043.859714
8928.929262,8,8045.526994
9219.210428,6,8047.025512
9333.082379,6,8048.525729
6839.845032,20,8051.827263
8616.206304,10,8053.59232
7646.099179,16,8055.910183
9621.793648,4,8057.593799
8817.982742,8,8059.359702
8933.188619,8,8061.159961
9023.116198,7,8062.659134
7834.175067,14,8064.893246
9016.447084,7,8066.577083
8933.543697,8,8068.159033
8834.726564,9,8069.926799
6230.445271,22,8072.44266
3847.074255,35,8076.627563
8523.621375,10,8078.392333
9016.802333,7,8079.909363
9217.688023,6,8081.678488
9206.563754,6,8083.460241
8930.59244,8,8084.992369
9618.605311,4,8086.459368
9130.167417,7,8088.059777
9033.049292,8,8089.79369
9219.249627,6,8091.494272
9132.402168,7,8092.99287
9132.675258,7,8094.676847
6617.650274,22,8097.460786
7825.465447,14,8099.543526
9015.225745,7,8101.10924
5073.622613,31,8105.194465
7329.759934,16,8107.393309
9127.584024,7,8108.909295
7936.423111,13,8110.976745
7129.030734,18,8113.275974
7752.355312,15,8115.726552
5932.602465,24,8118.760934
9021.563335,7,8120.359845
9216.219748,6,8121.975817
9318.494322,6,8123.559754
8929.348441,8,8125.293558
8821.635292,8,8126.893581
9131.126472,7,8128.392469
9134.479401,7,8129.958887
8730.048251,9,8131.792921
9417.062307,5,8133.292564
-43.459928,55,8139.576839
9221.675001,6,8141.260206
9328.605327,6,8142.842341
9216.928347,6,8144.426514
9614.412967,4,8145.775285
9215.619787,6,8147.292491
8016.31953,12,8149.259741
8736.273092,9,8150.976987
9129.939814,7,8152.744278
7340.695742,17,8155.377319
9217.857581,6,8156.908949
7925.939593,13,8158.875837
8230.480481,12,8160.793236
8931.441241,8,8163.112683
6225.800154,22,8165.842985
9331.743477,6,8167.392923
9415.846009,5,8169.027422
7840.085822,14,8171.242993
9333.636769,6,8172.826512
9334.171982,6,8174.50925
8828.040834,9,8176.410319
8035.164529,13,8178.376412
9330.846358,6,8179.858677
8732.122923,9,8181.659774
8934.356255,8,8183.34305
8533.341027,11,8185.275992
7929.987128,13,8187.276731
5437.420676,26,8190.460243
8614.041562,9,8192.343013
8730.492213,9,8194.043211
7037.573236,19,8196.926936
9134.331123,7,8198.525779
7068.299696,20,8201.110353
8932.158332,8,8202.809465
8731.237202,9,8204.744349
8218.696036,11,8206.492769
9413.265241,5,8207.942063
10000.0,1,8209.258736
8331.243825,11,8211.143148
5533.264332,25,8214.444056
7826.693106,14,8216.575815
9117.590257,7,8218.142144
8629.826273,11,8220.428736
9420.02909,5,8221.991976
9222.972249,6,8223.625842
7632.74433,15,8226.127535
9214.399736,6,8227.791858
9319.888737,6,8229.525925
9023.500337,7,8231.510054
6981.475583,22,8234.525832
9333.875674,6,8236.091903
9019.957189,7,8237.77537
9018.877151,7,8239.777836
9133.341206,7,8241.392724
6136.020883,24,8244.126736
7851.051957,15,8246.243089
8930.927734,8,8247.90926
8927.129351,8,8249.726734
5753.326881,27,8253.726252
8633.101443,10,8255.710956
7853.265505,16,8257.942872
9328.465317,6,8259.459715
9332.890582,6,8261.010348
7547.687632,18,8263.859211
7834.760275,14,8265.926647
8514.418264,10,8267.692275
7952.180219,14,8269.993496
6433.467847,21,8272.359156
9134.086404,7,8274.059971
9531.221317,5,8275.575434
8524.277545,10,8277.510197
-2925.33993,76,8283.475648
8128.249198,12,8285.408889
9334.253009,6,8286.925397
8930.134836,8,8288.559347
7158.051188,18,8290.892541
9217.647933,6,8292.493033
9218.707976,6,8294.175459
6618.02007,20,8296.74368
8818.80299,8,8298.375387
9217.464288,6,8299.89245
7824.5314,14,8301.992733
9334.198567,6,8303.558579
4060.481161,35,8306.958851
6722.453103,19,8309.542411
9135.156309,7,8311.108974
8531.398633,10,8312.9929
8255.224006,13,8315.126553
9216.897701,6,8316.793298
5832.06774,24,8319.842634
9131.506031,7,8321.442492
6375.492299,23,8324.026057
9523.936623,5,8325.49248
8828.686935,9,8327.108438
7435.634394,16,8329.644211
5945.229183,25,8332.426415
9217.465726,6,8333.92517
9130.177857,7,8335.526143
6061.446255,25,8338.575863
9415.674472,5,8340.209163
5140.949582,30,8343.476503
9128.70909,7,8345.208777
8926.510197,8,8347.111281
4409.385663,30,8350.308819
9334.94836,6,8351.893321
9217.91863,6,8353.459712
9016.273424,7,8355.008706
8935.817621,8,8356.742781
6755.715973,21,8359.376383
8748.422345,10,8361.492927
8929.344488,8,8363.17541
9325.928525,6,8364.626168
8725.759488,9,8366.409588
7932.224605,13,8368.376158
8921.283723,8,8370.192468
8821.410494,9,8372.160948
4897.161717,32,8374.992085
8430.517021,11,8377.125697
2239.605231,43,8380.875773
7918.413881,13,8383.025151
9419.353953,5,8384.759382
9417.438263,5,8386.275841
7927.663745,13,8388.260297
9016.068497,7,8390.092352
9130.750042,7,8391.626108
7129.35672,18,8394.075763
1420.773254,45,8398.558969
9214.926409,6,8400.176257
8417.560316,10,8402.059803
8618.722955,9,8403.859957
7304.017988,16,8406.20892
8923.739556,8,8407.959693
6940.035575,20,8410.359506
8347.17303,12,8412.343496
9218.438147,6,8413.892688
9417.516779,5,8415.392329
8734.23513,9,8417.342704
9020.230134,7,8418.926023
7246.542208,18,8421.325597
6269.765738,24,8423.959498
9333.795841,6,8425.65876
5218.790176,29,8428.87553
8616.848922,9,8430.994123
9018.161863,7,8432.592251
9333.310378,6,8434.243286
3844.262235,36,8437.626159
9331.664882,6,8439.142745
9332.46591,6,8441.04316
7750.192731,15,8443.511008
8133.67331,12,8445.509667
7936.892925,14,8447.508691
8721.923582,9,8449.075563
8026.486126,13,8451.025485
9417.267502,5,8452.542405
8529.138784,11,8454.392792
9332.796012,6,8456.143432
8631.888607,10,8458.360612
6928.097854,18,8460.709066
5531.233939,25,8463.159066
9217.55327,6,8464.725316
9133.132892,7,8466.459687
7358.320772,18,8468.742702
7734.662424,14,8470.826637
8928.177266,9,8472.542234
9216.85063,6,8474.159813
7339.562502,17,8476.643276
9418.023256,5,8478.29222
9017.438723,7,8480.009675
6450.900517,22,8482.693064
9133.360147,7,8484.342935
9420.322572,5,8485.759448
9017.423178,7,8487.460094
7216.7157,16,8489.391606
8015.999498,12,8491.325956
1928.288025,45,8496.843541
9022.547111,7,8498.542054
9133.09737,7,8500.075211
8199.738601,11,8501.942514
8142.024278,14,8503.959176
8330.176464,12,8506.142966
9335.225157,6,8507.658525
9621.507124,4,8509.193991
7714.332062,14,8511.34205
5960.857826,25,8514.460192
8931.427735,8,8516.042349
9215.713972,6,8517.609152
4451.741072,32,8520.60927
9222.952508,6,8522.108291
9420.18412,5,8523.659864
9017.088337,7,8525.477965
8833.949623,9,8527.460647
9330.542158,6,8528.924702
7949.698834,14,8530.841684
9215.771622,6,8532.525615
9022.789964,7,8534.192971
9223.85755,6,8535.741714
8618.302482,9,8537.47599
8621.609799,9,8539.258455
8724.129501,9,8541.009553
9413.982994,5,8542.626895
9222.646801,6,8544.193853
9018.0808,7,8546.111305
8719.145956,9,8548.092824
8133.061476,12,8550.010388
9022.366059,7,8551.74337
9613.939586,4,8553.276075
9419.666687,5,8554.742007
8820.391074,8,8556.61122
9133.168617,7,8558.376134
7558.015179,19,8560.859942
8917.363273,8,8562.592278
7220.727382,16,8565.061042
4289.243996,35,8569.327516
9229.094001,7,8570.94222
7449.322882,17,8573.427043
9212.057964,6,8574.9765
8932.089598,8,8576.658852
8122.635653,12,8579.528541
8932.393726,8,8581.158706
9021.264985,7,8582.759292
7951.747263,14,8584.926157
8528.225419,10,8586.642724
-40000.0,200,8611.776386
9016.150941,7,8613.35878
7031.621429,19,8616.009924
9132.669674,7,8617.659141
9214.27649,6,8619.209208
8934.180284,8,8621.411837
9020.991441,7,8623.211673
8351.778016,12,8625.142274
8821.587952,8,8626.758845
9018.361899,7,8628.609874
9015.842362,7,8630.226418
9218.974767,6,8632.026074
9422.357012,5,8633.52633
9900.015665,2,8634.891453
9021.598428,7,8636.576916
7193.396552,20,8639.675866
8216.51156,11,8641.576649
8814.010963,8,8643.243012
9617.918756,4,8644.726474
7430.299826,16,8646.975836
-62.143252,54,8651.925686
9329.007302,6,8653.65953
9216.367858,6,8655.376831
9219.873259,6,8656.959545
8237.153389,12,8659.260586
8735.745406,9,8660.958462
8731.381666,9,8662.70959
9022.297,7,8664.426473
8933.451977,8,8666.025539
9336.284894,6,8667.67614
8815.717005,8,8669.359921
9019.749969,7,8670.941892
5532.972352,25,8673.809161
7573.302567,17,8676.476411
8336.010525,12,8678.49315
9217.351211,6,8680.109188
8821.210172,8,8681.626132
9217.716528,6,8683.259199
-227.465149,64,8690.442657
8625.563905,9,8692.243266
8929.56078,8,8693.943236
9230.781563,7,8695.625106
8550.071979,11,8697.710078
8634.976536,10,8699.526088
9019.811995,7,8701.511332
9021.899696,7,8703.092672
9015.839078,7,8704.810019
9415.974764,5,8706.325637
9417.682293,5,8707.808703
8414.854282,10,8710.162344
5219.18239,26,8713.092454
8934.308806,8,8714.725319
8730.653052,9,8716.642229
8924.811049,8,8718.358783
8818.097961,8,8720.060111
9616.619421,4,8721.609273
9134.766984,7,8723.225555
6211.822304,26,8726.259801
9018.189002,7,8727.859187
9017.21074,7,8729.660788
9222.16653,6,8731.225448
7264.789531,19,8733.910308
9133.549261,7,8735.525595
9216.997046,6,8737.142553
9133.748548,7,8738.74192
5942.539707,25,8741.593277
8333.364634,12,8744.393273
9021.16142,7,8746.042445
7341.844127,17,8748.509115
9132.924497,7,8750.193392
8332.400417,11,8752.209399
7829.093135,16,8754.542744
8924.938901,8,8756.225364
8231.735155,12,8758.260138
9132.551175,7,8760.17811
9220.300834,7,8761.876679
9124.245308,7,8763.408437
7548.341676,16,8766.959522
9215.843751,6,8768.658958
6931.515564,19,8771.159997
7032.542542,18,8773.625602
9134.645936,7,8775.225148
8334.115987,11,8777.159617
10000.0,1,8778.475605
6938.535242,20,8781.159815
9329.159799,6,8782.792931
7527.261246,16,8785.243062
8929.157098,8,8787.009668
4346.115471,33,8790.359124
8934.830978,8,8792.108638
9016.274894,7,8793.743263
9133.003299,7,8795.341833
8333.115748,11,8797.175854
8031.183502,13,8799.593263
9131.845057,7,8801.393307
7835.266932,14,8803.576808
8926.108778,8,8805.443679
9215.922359,6,8807.461095
5850.02355,25,8810.293081
9217.346695,6,8811.825034
8619.011872,9,8813.643792
9533.246833,5,8815.292912
9133.265648,7,8816.92605
8733.181841,9,8819.745383
9328.355971,6,8821.309621
9018.362243,7,8822.908134
9135.16127,7,8824.559326
9135.693845,7,8826.158814
6932.807195,19,8829.009506
8829.469842,9,8830.775317
7715.115668,14,8832.942223
8548.861871,11,8835.995252
9022.484594,7,8837.625325
8734.633395,9,8839.876796
9215.289803,6,8841.593094
8121.878469,12,8843.692175
9130.778146,7,8845.309282
8731.878972,9,8847.059526
8522.261113,10,8849.026671
7933.341477,13,8852.162967
9326.482176,6,8853.79231
8814.88509,8,8855.593377
7816.83729,13,8857.675223
9219.486889,6,8859.442954
9134.393369,7,8861.310451
8733.5103,9,8863.05931
9529.875051,5,8864.608365
9419.73268,5,8866.225974
8931.422695,8,8867.976887
6220.595982,21,8870.726978
8517.73908,10,8872.541861
9415.1912,5,8874.192123
9417.344231,5,8875.624612
8620.43151,9,8877.72577
10000.0,1,8879.0922
9419.067986,5,8880.541281
6952.988503,19,8882.892597
8130.340534,12,8884.826026
7657.658821,16,8886.958543
9130.830957,7,8888.541707
9121.397931,7,8890.258584
9132.375669,7,8892.058671
9133.17378,7,8893.642309
7327.394432,16,8896.34273
8818.476361,8,8897.992405
8429.659881,11,8900.02551
8037.051807,13,8902.210005
9619.856531,4,8903.726555
8040.140487,13,8905.85976
9330.869378,6,8907.341383
6142.451697,23,8910.5436
8819.241023,8,8912.242671
9333.936098,6,8913.742019
9020.993673,7,8915.359375
8931.386952,8,8917.225537
9529.330318,5,8919.025403
8130.062261,12,8920.992957
10000.0,1,8922.274319
6451.545889,22,8925.159566
7114.702261,17,8927.525793
9020.425192,7,8929.192971
9130.062459,7,8930.87512
9418.093578,5,8932.459233
9331.600323,6,8934.025052
9130.636636,7,8935.709249
8930.444711,8,8937.458709
6833.175744,19,8939.976137
9418.940156,5,8941.40798
8931.590173,8,8943.025001
9127.233394,7,8944.709244
9422.311179,5,8946.157742
5731.947779,26,8949.09219
8728.638017,9,8950.775999
8932.963391,10,8952.708699
6181.571621,26,8956.210176
9619.483416,4,8957.674821
9422.520908,5,8959.175142
6255.491263,24,8962.226244
9215.177048,6,8963.876174
9133.354214,7,8965.474935
8417.741987,10,8967.708634
9220.770465,6,8969.391999
8932.650242,8,8971.108578
8555.977049,11,8973.32592
9415.89505,5,8974.875604
8229.397792,12,8977.127693
9008.313706,7,8978.927671
7732.15903,14,8980.908652
9216.987439,6,8982.526402
9017.130168,7,8984.192145
9022.287824,7,8985.908077
9217.80882,6,8987.425313
9532.821405,5,8988.858482
8820.647887,8,8990.625181
8726.446574,9,8992.441621
8433.044036,11,8994.55944
9332.426655,6,8996.141739
8932.28975,8,8997.8419
8930.664403,8,8999.541651
9217.011749,6,9001.209324
9136.351128,7,9002.808358
9134.314195,7,9004.49337
7929.112847,13,9006.859518
7732.862111,14,9009.009612
9334.008739,6,9010.592023
1945.814176,44,9016.192814
9419.459738,5,9017.774765
8440.528254,11,9019.908939
8932.200029,8,9021.576173
9334.213008,6,9023.243123
8416.362206,10,9025.092722
9123.67044,7,9026.894539
9418.361399,5,9028.491475
9134.192694,7,9030.141875
7853.988661,15,9032.225272
8547.45527,11,9034.242675
9123.586697,7,9035.808688
8820.597048,8,9037.424853
8437.834032,11,9039.291553
8561.513903,11,9041.528195
9417.488835,5,9042.94189
8932.988128,8,9044.676027
9418.662413,5,9046.175811
9333.376353,6,9047.724955
4348.744996,33,9051.57635
9418.3088,5,9053.008039
-830.102241,59,9059.259995
8930.203614,8,9061.076732
9112.478956,7,9063.15977
9217.269107,6,9064.792682
9531.301453,5,9066.291848
-40000.0,200,9083.809512
9219.315717,6,9085.426215
8327.806729,11,9087.47712
9212.862946,6,9089.007982
8821.031656,8,9090.759803
8729.528709,9,9092.424805
9220.732017,6,9093.908985
8730.602499,9,9095.80973
7420.828633,15,9097.892413
6184.649802,25,9101.443157
8816.390631,8,9103.174758
9018.916324,7,9105.008405
3517.273587,35,9110.594808
8617.933214,9,9112.341469
8733.493923,9,9114.042552
7935.413687,13,9116.878547
7029.249364,18,9119.543366
8329.261902,11,9121.626388
9416.096792,5,9123.342859
8724.170363,9,9125.17568
9216.168001,6,9126.809034
8620.309327,9,9128.758608
8926.982845,8,9130.525686
9129.610138,7,9132.359162
6243.109152,23,9135.208758
8529.551655,10,9137.076058
8732.447081,9,9138.825956
9132.572009,7,9140.508642
10000.0,1,9141.85854
5582.964404,29,9145.276547
8728.408114,9,9147.041979
9216.711658,6,9148.842417
8230.376752,12,9150.876539
7330.809706,16,9153.241848
8317.453532,11,9155.092959
6126.78882,23,9158.226532
8716.620204,9,9160.108263
8934.039406,8,9161.859581
9419.919598,5,9163.30872
9016.525232,7,9164.92523
9217.29174,6,9166.557736
8524.393571,10,9168.359869
9132.037122,7,9170.158811
8930.340886,8,9172.209992
6069.255588,25,9175.109423
8932.652988,8,9176.825046
9017.068616,7,9178.610098
9330.931789,6,9180.19173
9133.841992,7,9181.908455
8728.130008,9,9183.692668
5132.805688,27,9188.328884
6620.024164,19,9191.39154
8528.175578,10,9193.092219
6233.61241,23,9196.693759
9219.631505,6,9198.274657
8042.898274,13,9200.460174
9211.993647,6,9202.243087
9417.374117,5,9203.809233
8534.642416,10,9205.591276
8930.825818,8,9207.30928
9615.995405,4,9209.125436
7812.986558,13,9211.309171
8336.826408,11,9213.209123
9129.9376,7,9214.976718
6833.6696,19,9217.409671
8031.875841,13,9220.062405
7634.102343,15,9222.242994
8548.450568,11,9224.409704
9131.203017,7,9226.193242
2930.276675,38,9229.991851
9132.040012,7,9231.574632
5030.31316,34,9236.84203
9132.807346,7,9238.475724
9216.713162,6,9240.126112
8745.048721,10,9242.091535
9125.714143,7,9243.691739
7424.243238,16,9246.277435
9417.843749,5,9247.85945
-5578.437461,102,9259.410175
9134.251537,7,9261.779509
9530.607991,5,9263.20769
5942.200856,25,9266.425358
9414.045065,5,9267.875203
7133.950139,17,9270.276339
9417.048844,5,9271.775641
9018.254257,7,9273.47503
9134.393493,7,9275.141588
8132.409042,12,9277.275253
8428.76618,11,9279.643074
6436.635056,23,9282.442772
9129.803534,7,9284.259972
6044.895887,25,9287.225337
9333.487902,6,9288.841117
8531.790842,10,9290.691602
7145.390083,18,9293.24163
8322.734639,11,9295.326706
9124.470106,7,9296.891131
9219.994475,6,9298.509357
8412.861905,10,9300.259271
9017.316472,7,9301.908526
8935.051296,8,9303.59242
8934.045066,8,9305.358424
8746.89293,10,9307.325915
8432.9729,11,9309.393139
9212.588873,6,9311.059765
8815.541813,8,9312.674736
8934.874253,8,9314.458238
8631.189222,10,9316.425286
8936.818078,8,9318.108393
9327.781297,6,9319.708797
8731.437532,9,9321.627666
8328.163166,11,9323.910831
8932.9457,8,9325.893838
7930.888721,18,9328.425954
8318.521675,11,9330.291239
8553.589055,11,9333.076638
9216.455911,6,9334.759645
9131.07822,7,9337.027127
9528.402716,5,9338.591027
9227.653759,7,9340.141311
8933.885739,8,9341.758685
8439.121612,11,9343.774965
7934.413979,13,9346.327361
9222.042743,6,9347.959516
6528.957834,20,9352.097026
8134.463199,12,9354.642931
8816.23943,8,9356.325249
8631.585192,10,9358.242705
8131.496141,12,9360.124947
9135.384756,7,9361.708071
6744.229811,20,9364.674898
8930.882853,9,9366.626121
8731.500174,9,9368.324865
9020.92405,7,9369.908134
8732.037069,9,9371.541505
-9652.318909,117,9382.375962
7843.314951,15,9385.009995
8815.502028,8,9386.742287
8730.657735,9,9388.525548
8115.121765,12,9390.509273
6318.3596,22,9393.509941
9215.440623,6,9395.041833
7681.339904,17,9397.291541
9414.550666,5,9398.891927
9327.16393,6,9400.442255
8734.832588,9,9402.225945
8933.614826,8,9403.908847
10000.0,1,9405.224287
8931.413468,8,9406.858214
8932.178902,8,9408.492287
8932.214913,8,9410.292627
8434.791762,12,9412.559895
9419.517261,5,9414.409565
9328.466982,6,9416.15819
9332.136423,6,9417.69166
9320.975638,6,9419.393222
9130.60269,7,9421.311602
1028.039436,50,9428.559853
9416.938322,5,9430.041891
9209.121788,6,9431.641537
6836.57035,19,9435.078009
7840.049169,14,9437.24175
7261.65353,19,9439.792713
8915.501577,8,9441.626733
7821.629146,14,9444.345144
8727.011167,9,9446.209361
8134.17286,12,9448.208961
9332.277035,6,9449.842379
8930.399363,8,9451.642315
8808.627759,8,9453.45923
9122.544428,7,9455.191859
4731.451464,29,9458.526806
9132.975861,7,9460.243212
9220.747259,6,9461.74107
8919.335731,8,9463.793079
9329.784125,6,9465.308079
8050.426621,14,9467.525991
8615.959769,9,9469.309296
9333.163939,6,9470.908601
9218.983086,6,9472.508914
9014.192898,7,9474.124873
9129.723847,7,9476.225132
7951.70998,14,9479.310917
8926.765152,8,9481.075631
8722.140343,9,9482.874774
10000.0,1,9484.15781
6829.930653,19,9486.642716
6132.785447,22,9489.543113
7734.109902,14,9491.742035
7946.93595,14,9493.774706
10000.0,1,9495.158305
9022.28902,7,9496.959365
9218.009968,6,9498.558564
7129.343102,17,9500.8586
8933.67325,8,9502.541811
5723.717442,26,9505.559169
8727.00037,9,9507.325671
7734.853363,16,9509.642025
9323.142081,6,9511.392762
7918.715735,13,9513.508842
9130.77917,7,9515.159502
2337.128072,42,9520.024991
9216.272638,6,9521.810155
6773.056716,21,9524.691862
9132.668272,7,9526.358241
6933.186442,18,9529.394313
7548.484808,16,9531.826151
8932.134472,8,9533.727931
7930.203946,14,9536.075337
9133.996832,7,9537.842563
8745.718429,9,9539.742576
5807.870963,33,9543.708878
9039.7931,8,9545.725424
-2598.37505,78,9553.092747
9144.505051,7,9554.657717
7131.448637,17,9557.125738
8635.403694,10,9558.875052
6193.858665,25,9561.774765
1228.668341,47,9567.309076
8130.986048,12,9569.975348
8944.148034,8,9571.674743
7457.15236,18,9574.091817
7935.115027,13,9576.158805
9137.467143,7,9577.741251
7936.016139,13,9579.775783
8328.694208,11,9581.624616
8535.009361,10,9583.625277
8133.356518,12,9585.541912
6665.07749,22,9588.37646
8931.269298,8,9590.008069
9339.152521,6,9591.607949
8442.956631,11,9593.625436
8740.754718,9,9595.474761
7244.357203,17,9597.72593
8936.195719,8,9599.509065
8141.832931,12,9601.458163
6540.336136,20,9603.775227
7126.220792,18,9606.392147
8620.931144,9,9608.59347
4454.683594,32,9614.626323
8726.743256,9,9616.742077
8334.084491,11,9618.609404
9129.852066,7,9620.375581
6736.451344,20,9623.043363
6937.801021,18,9625.32521
8843.334029,9,9627.375726
7748.195988,15,9629.726134
9130.587568,7,9631.726022
6934.534882,19,9634.24233
9131.191292,7,9635.724283
8840.539021,9,9637.660071
3522.794749,35,9641.59234
6642.717453,20,9644.192185
8732.565542,9,9645.908363
9039.653648,8,9647.725431
8944.224612,9,9649.591775
5125.852356,32,9653.17501
9331.894414,6,9654.809037
7135.573369,17,9657.291486
6838.978032,20,9660.342414
8936.718773,8,9662.092939
8937.696978,8,9663.691164
8937.677354,8,9665.375677
8137.740689,12,9667.79328
8940.82298,8,9669.541345
5486.902773,30,9672.858311
6034.449604,23,9676.109673
9332.22201,6,9677.759624
8938.418361,8,9679.558969
6492.534999,24,9682.342349
8928.984895,8,9683.8408
1579.940681,47,9688.675717
7932.04123,13,9690.876057
6172.47132,25,9694.124757
8536.993935,10,9696.626014
9038.760053,8,9698.324745
7732.735684,15,9700.324965
9339.481998,6,9701.975726
8542.925738,10,9703.875531
8537.58983,10,9706.242643
8445.329025,11,9708.108776
9141.962698,7,9709.757895
6129.27214,24,9713.977939
7935.260245,13,9716.226768
7330.570795,17,9719.859098
-39568.427859,200,9734.558062
-3235.854424,83,9741.725792
8132.815997,12,9743.659147
9133.586498,7,9745.409841
9128.960173,7,9747.142814
8426.182118,11,9749.126127
7243.176973,17,9751.358319
2344.101065,43,9756.093211
10000.0,1,9757.407474
8934.779569,8,9759.326745
7732.467285,14,9761.475494
8647.344452,10,9763.325693
8338.586247,11,9765.2245
9136.183563,7,9767.093463
8837.602711,9,9768.858157
9334.758495,6,9770.407853
9235.304692,7,9771.992251
7667.919416,16,9774.693031
9138.476384,7,9776.441406
9132.890692,7,9778.141715
8333.503531,11,9779.958297
-36483.183923,200,9792.975194
7830.448605,14,9795.393517
9132.288358,7,9797.042141
8631.890142,10,9798.925195
8941.734738,8,9801.094786
7631.0621,15,9803.374262
8735.347836,9,9805.209205
7432.413101,16,9807.442478
5459.110906,27,9810.359253
8544.153209,11,9812.242558
4460.576707,34,9816.275978
6753.360193,22,9819.125653
6195.299256,26,9822.50885
8745.499017,9,9824.426664
8740.232377,10,9826.375645
8531.127821,10,9828.175227
8642.204839,10,9830.32666
1748.488781,67,9837.275725
7534.93655,19,9839.826347
5733.437369,24,9842.941889
8725.992149,9,9844.658723
8041.677946,13,9846.658421
7133.432782,17,9848.924983
8742.943199,9,9850.675295
8832.0655,9,9852.508876
7550.074886,16,9854.976423
8533.120236,10,9857.009695
7149.393711,19,9859.508908
8539.884749,10,9861.408019
8228.581893,12,9863.592725
8140.315173,12,9865.692514
9241.609965,7,9867.324549
7931.98307,13,9869.359181
6071.185749,25,9872.325139
8834.91461,9,9874.158094
8326.565183,11,9875.9921
8938.403229,8,9877.55746
8534.785742,10,9879.325409
8823.562608,8,9880.97465
7056.61995,19,9883.675376
8237.363577,12,9885.641595
9129.211651,7,9887.292118
8940.344427,8,9889.092037
8541.008412,10,9890.792272
9336.258865,6,9892.340904
8935.354704,8,9894.074955
7375.17663,18,9896.424756
8735.634109,9,9898.226193
9134.354495,7,9899.842165
8941.312392,8,9901.524496
7358.657754,17,9904.041568
8930.771956,8,9905.658512
2119.733885,55,9912.975324
7732.713057,14,9915.526591
9140.437907,7,9917.224885
8731.768886,9,9919.311729
8728.722319,10,9921.108046
8737.973053,9,9922.941427
8733.522356,9,9924.708707
9333.275862,6,9926.30807
8034.188442,14,9928.457675
8725.664387,9,9930.30872
9243.43133,7,9931.891078
8932.919994,8,9933.642318
8932.797841,8,9935.324425
8155.607452,13,9937.459242
5091.19325,31,9940.94151
8736.438834,9,9942.724499
1007.215794,48,9947.30916
8529.442422,10,9949.157553
5085.947503,30,9952.84308
8938.322562,8,9954.776788
8936.412337,8,9956.508683
9340.357211,6,9958.158425
5097.898122,32,9961.474737
9334.475537,6,9962.941009
9130.076804,7,9964.42499
9330.440691,6,9966.024875
5329.199571,29,9968.958089
8337.692107,12,9971.410207
6207.293851,26,9974.624981
-37300.341363,200,9990.241423
6739.891471,20,9993.1102
9529.552945,5,9994.657601
9138.236012,7,9996.191714
8542.839552,10,9997.942016
8936.535715,8,9999.709227
152.688328,54,10005.75918
8034.724183,14,10008.009654
8935.766998,8,10009.675335
9125.409101,7,10011.375076
9140.578823,7,10013.308363
8840.806784,9,10015.074446
4571.787936,33,10018.708066
8838.771628,9,10020.341784
9133.171321,7,10022.159503
8524.921404,10,10023.97432
8847.401796,9,10025.673866
8640.764584,10,10027.52545
8934.29926,8,10029.309128
-25494.039688,200,10046.225725
8938.28712,8,10047.991227
7134.439424,17,10050.374896
8129.400829,12,10052.408557
9140.08841,7,10054.025141
8934.870988,8,10056.060311
8334.62473,11,10058.075814
8733.077144,9,10059.892427
8637.98784,10,10062.143745
8440.464847,12,10064.225734
9140.47646,7,10065.857752
4141.479143,32,10069.942311
8532.295714,10,10071.792109
8936.016063,8,10073.675174
9134.097446,7,10075.391231
8533.411967,10,10077.32604
8527.59941,10,10079.258098
9139.113352,7,10080.975417
5984.077667,25,10083.924629
9335.824784,6,10085.457641
9336.528262,6,10087.141248
7539.869133,16,10089.693002
8939.87124,8,10091.457989
8941.617381,8,10093.393113
9245.379038,7,10094.991072
8939.182836,8,10096.775735
8932.407309,8,10098.508883
8735.677126,9,10100.207895
8233.45518,12,10102.392457
9134.645235,7,10104.041103
9235.437059,7,10105.674596
8640.521721,10,10107.658332
9332.768053,6,10109.341583
8544.202103,10,10111.293033
7355.581248,17,10113.524857
7358.897371,17,10116.409663
9134.082253,7,10118.041595
8943.86552,8,10119.758705
8736.178141,10,10122.010251
9333.48375,6,10123.641648
-3296.391616,98,10133.609333
-21289.947838,200,10152.859251
7368.98503,18,10155.391309
8729.407445,9,10157.17526
7646.875774,16,10159.55845
5440.462011,26,10162.907902
8533.215203,10,10164.675711
8940.194801,8,10166.491231
8440.334536,11,10168.50926
7153.722474,21,10171.574716
6375.223519,24,10174.776178
8136.220526,12,10176.708055
9131.007238,7,10178.3412
8944.400606,9,10180.141783
9133.647755,7,10181.825573
8935.930073,8,10183.625705
9134.30829,7,10185.241117
8933.043638,8,10186.992662
7740.687514,14,10189.24296
9131.904844,7,10191.511002
-8738.416593,128,10203.041584
3065.754368,55,10208.392243
8034.381733,13,10210.324487
9038.572186,8,10212.125963
-4244.889923,131,10225.50947
6740.187765,20,10228.058654
8938.289963,8,10229.792377
7530.154723,16,10232.009284
-9409.354089,107,10245.192266
6842.31689,20,10247.858343
8736.699581,9,10249.726033
9042.264702,8,10251.459098
6967.867758,21,10254.208915
9026.416925,8,10256.025437
8734.187459,10,10257.908634
9138.655904,7,10259.42431
8336.100543,11,10261.324859
9128.781519,7,10262.975541
8332.200573,11,10264.974658
8136.427099,12,10267.609108
-6246.622275,96,10276.025754
8536.898062,10,10277.858745
6238.556013,24,10280.624997
-4251.386699,95,10291.37621
8530.694918,10,10293.174627
7529.667523,15,10295.258622
8740.444497,9,10296.974981
8260.485855,13,10300.293514
8736.895426,9,10302.025571
8745.055067,9,10303.707885
9142.78579,7,10305.374584
-10833.109546,120,10316.124754
8146.848923,14,10318.441905
8443.994411,11,10320.27455
8531.000045,10,10322.125391
8536.028269,10,10323.891857
8543.809822,12,10326.210037
7628.578395,18,10329.244076
7447.848499,17,10331.859419
3541.776022,37,10336.274415
8431.38943,11,10338.17562
8528.495563,10,10340.058192
6768.193712,21,10342.841344
9535.705519,5,10344.390769
8433.208777,11,10346.442608
-4137.980017,131,10358.42598
9130.885655,7,10360.493706
7544.489412,16,10362.708261
8934.185014,8,10364.458744
8744.731395,9,10366.209126
7463.845852,17,10368.558882
8933.72288,8,10370.241162
8935.156181,8,10371.941179
3599.095101,38,10375.791947
9137.125069,7,10377.458411
8935.567855,8,10379.241336
8543.454469,10,10381.425269
8740.778102,9,10383.124678
-34448.670061,200,10398.874928
7636.698954,15,10401.241573
7237.008581,17,10403.992345
8833.895591,9,10405.724729
8731.359759,9,10407.625499
7836.982163,14,10409.758733
8726.173721,9,10411.475247
8828.939536,9,10413.208485
4809.393397,32,10417.041334
8335.644776,12,10419.024729
9239.105701,7,10420.928349
4741.749085,29,10424.424749
8732.438176,9,10426.375501
6135.903861,27,10430.241986
-10624.984787,122,10442.408778
8135.87264,12,10444.224311
8261.791203,13,10446.308203
-34647.370814,200,10463.007502
8652.27976,11,10464.924461
6153.979348,23,10468.192536
8236.482964,13,10470.359073
8732.297873,9,10472.091034
7036.137762,19,10474.908056
8533.937965,10,10476.69088
8932.14574,8,10478.35853
7039.526307,18,10480.825186
1367.641995,53,10485.458001
8733.949268,9,10487.224324
8743.14856,9,10489.058388
8529.518317,10,10491.108796
5307.696399,31,10494.608987
8534.111089,10,10496.60825
-24189.958287,200,10509.408468
1133.656466,47,10515.458348
9338.436623,6,10517.058283
9130.912773,7,10518.892005
8935.427796,8,10520.524284
8442.166641,11,10522.375094
8342.365841,11,10524.207852
8557.445612,12,10526.208458
-35681.360577,200,10542.541885
8045.238576,17,10544.758176
2763.687763,41,10549.659255
